--------- beginning of system
01-28 09:12:37.789   752  1520 D ActivityManager: sync unfroze 3724 com.google.android.gms.unstable for 26
--------- beginning of main
01-28 09:12:37.844   437  9482 I VDA     : [0##35]"ServiceDeviceTask INs=655/662, OUTs=652/657"" {IN=7/16, OUT=8/13[kAtAccelerator(0) kAtDevice(5) kAtClient(8)]}"
01-28 09:12:37.887  6754  9467 D BufferPoolAccessor2.0: bufferpool2 0xbad392c8 : 8(16777216 size) total buffers - 8(16777216 size) used buffers - 0/8 (recycle/alloc) - 8/667 (fetch/transfer)
01-28 09:12:37.910   427  1925 D rtk_heartbeat: heartbeat_timed_out: heartbeatCmdCount = 1313, expected nextSeqNum = 1313
01-28 09:12:37.911   427  1777 D rtk_heartbeat: rtkbt_heartbeat_cmpl_cback: Current SeqNum = 1313,should SeqNum=1313, status = 0
01-28 09:12:38.238   617  9576 W adbd    : timed out while waiting for FUNCTIONFS_BIND, trying again
01-28 09:12:38.238   617  9576 I adbd    : UsbFfs: connection terminated: monitor thread finished
01-28 09:12:38.238   617   617 I adbd    : UsbFfs: already offline
01-28 09:12:38.238   617   617 I adbd    : destroying transport UsbFfs
01-28 09:12:38.238   617   617 I adbd    : UsbFfsConnection being destroyed
01-28 09:12:38.247  2081  2160 D RcuSetupService: de.telekom.rcusetup is not top activity.
01-28 09:12:38.272   617   627 I adbd    : opening control endpoint /dev/usb-ffs/adb/ep0
01-28 09:12:38.273   617   627 I adbd    : UsbFfsConnection constructed
01-28 09:12:38.273   617  9579 I adbd    : UsbFfs-monitor thread spawned
--------- beginning of kernel
01-28 09:12:38.291     0     0 I         : [1 T627   ..] read descriptors
01-28 09:12:38.291     0     0 I         : [1 T627   ..] read strings
01-28 09:12:38.292     0     0 W [0 T1894  ..] udc-core: couldn't find an available UDC or it's busy
01-28 09:12:38.292     0     0 W [0 T1894  ..] udc-core: couldn't find an available UDC or it's busy
01-28 09:12:38.292     0     0 W [0 T1894  ..] udc-core: couldn't find an available UDC or it's busy
01-28 09:12:38.292     0     0 W [0 T1894  ..] udc-core: couldn't find an available UDC or it's busy
01-28 09:12:38.785  6754  9449 W MpdParser: Ignoring <ContentProtection> with schemeIdUri="urn:mpeg:dash:mp4protection:2011" (ClearKey) due to missing required default_KID attribute.
01-28 09:12:38.787  6754  9449 W MpdParser: Ignoring <ContentProtection> with schemeIdUri="urn:mpeg:dash:mp4protection:2011" (ClearKey) due to missing required default_KID attribute.
01-28 09:12:38.789  6754  9449 W MpdParser: Ignoring <ContentProtection> with schemeIdUri="urn:mpeg:dash:mp4protection:2011" (ClearKey) due to missing required default_KID attribute.
01-28 09:12:38.790  6754  9449 W MpdParser: Ignoring <ContentProtection> with schemeIdUri="urn:mpeg:dash:mp4protection:2011" (ClearKey) due to missing required default_KID attribute.
01-28 09:12:38.792  6754  9449 W MpdParser: Ignoring <ContentProtection> with schemeIdUri="urn:mpeg:dash:mp4protection:2011" (ClearKey) due to missing required default_KID attribute.
01-28 09:12:38.796  6754  9449 W MpdParser: Ignoring <ContentProtection> with schemeIdUri="urn:mpeg:dash:mp4protection:2011" (ClearKey) due to missing required default_KID attribute.
01-28 09:12:38.845   437  9482 I VDA     : [0##35]"ServiceDeviceTask INs=706/712, OUTs=702/707"" {IN=6/16, OUT=8/13[kAtAccelerator(0) kAtDevice(5) kAtClient(8)]}"
01-28 09:12:38.910   427  1925 D rtk_heartbeat: heartbeat_timed_out: heartbeatCmdCount = 1314, expected nextSeqNum = 1314
01-28 09:12:38.911   427  1777 D rtk_heartbeat: rtkbt_heartbeat_cmpl_cback: Current SeqNum = 1314,should SeqNum=1314, status = 0
01-28 09:12:39.032  2081  3195 D RcuSetupService: de.telekom.rcusetup is not top activity.
01-28 09:12:39.044   425   532 I audio_hw_hal_alsamgr: alsa format =0x1 delay frames =1024 total frames=66432000
01-28 09:12:39.090  6754  6764 I ntatv.androidtv: Background young concurrent copying GC freed 349851(16MB) AllocSpace objects, 67(2712KB) LOS objects, 21% free, 63MB/80MB, paused 210us,85us total 307.231ms
01-28 09:12:39.275   617  9579 W adbd    : timed out while waiting for FUNCTIONFS_BIND, trying again
01-28 09:12:39.275   617  9579 I adbd    : UsbFfs: connection terminated: monitor thread finished
01-28 09:12:39.275   617   617 I adbd    : UsbFfs: already offline
01-28 09:12:39.275   617   617 I adbd    : destroying transport UsbFfs
01-28 09:12:39.275   617   617 I adbd    : UsbFfsConnection being destroyed
01-28 09:12:39.287  6754  9186 D BufferPoolAccessor2.0: bufferpool2 0xbad1cfa8 : 4(32768 size) total buffers - 4(32768 size) used buffers - 0/4 (recycle/alloc) - 19/1931 (fetch/transfer)
01-28 09:12:39.315   617   627 I adbd    : opening control endpoint /dev/usb-ffs/adb/ep0
01-28 09:12:39.316   617   627 I adbd    : UsbFfsConnection constructed
01-28 09:12:39.335     0     0 I         : [1 T627   ..] read descriptors
01-28 09:12:39.335     0     0 I         : [1 T627   ..] read strings
01-28 09:12:39.335     0     0 W [3 T1894  ..] udc-core: couldn't find an available UDC or it's busy
01-28 09:12:39.335     0     0 W [0 T1894  ..] udc-core: couldn't find an available UDC or it's busy
01-28 09:12:39.335     0     0 W [0 T1894  ..] udc-core: couldn't find an available UDC or it's busy
01-28 09:12:39.317   617  9580 I adbd    : UsbFfs-monitor thread spawned
01-28 09:12:39.792   591  9187 D BufferPoolAccessor2.0: bufferpool2 0xf3201d68 : 5(20480 size) total buffers - 1(4096 size) used buffers - 1932/1942 (recycle/alloc) - 23/1941 (fetch/transfer)
01-28 09:12:39.846   437  9482 I VDA     : [0##35]"ServiceDeviceTask INs=755/762, OUTs=753/757"" {IN=7/16, OUT=9/13[kAtAccelerator(0) kAtDevice(4) kAtClient(9)]}"
01-28 09:12:39.910   427  1925 D rtk_heartbeat: heartbeat_timed_out: heartbeatCmdCount = 1315, expected nextSeqNum = 1315
01-28 09:12:39.911   427  1777 D rtk_heartbeat: rtkbt_heartbeat_cmpl_cback: Current SeqNum = 1315,should SeqNum=1315, status = 0
01-28 09:12:40.155   425   943 I audio_hw_hal_stream: aml_stream_out_info_print: out:0xe94c39d0, stream_type:pcm, sync_mode:non tunnel, input_size:60564480 bytes
01-28 09:12:40.155   425   943 I audio_hw_hal_stream: aml_stream_out_info_print: last_time:1394385 ms (sec:1394, nsec:385964204), last_position:315289 ms (15133872), cur_time:1394406 ms (sec:1394, nsec:406836579), cur_position:315310 ms (15134896)
01-28 09:12:40.155   425   943 I audio_hw_hal_stream: aml_stream_out_info_print: time_gap:21 ms (thr:100 ms), position_gap:21 ms, delay:129 ms, jitter: Position gap is ahead of system time gap by 0 ms (thr:100 ms)
01-28 09:12:40.318   617  9580 W adbd    : timed out while waiting for FUNCTIONFS_BIND, trying again
01-28 09:12:40.318   617  9580 I adbd    : UsbFfs: connection terminated: monitor thread finished
01-28 09:12:40.318   617   617 I adbd    : UsbFfs: already offline
01-28 09:12:40.318   617   617 I adbd    : destroying transport UsbFfs
01-28 09:12:40.321   617   617 I adbd    : UsbFfsConnection being destroyed
01-28 09:12:40.338   399  9581 I resolv  : GetAddrInfoHandler::run: {100 100 100 983140 10041 0}
01-28 09:12:40.339   399  9582 I resolv  : res_nmkquery: (QUERY, IN, A)
01-28 09:12:40.339   399  9582 I resolv  : resolv_cache_lookup: FOUND IN CACHE entry=0xe92c1450
01-28 09:12:40.339   399  9582 I resolv  : doQuery: rcode=0, ancount=3, return value=87
01-28 09:12:40.340  6754  8168 D TrafficStats: tagSocket(186) with statsTag=0xffffffff, statsUid=-1
01-28 09:12:40.351   617   627 I adbd    : opening control endpoint /dev/usb-ffs/adb/ep0
01-28 09:12:40.352   617   627 I adbd    : UsbFfsConnection constructed
01-28 09:12:40.352   617  9583 I adbd    : UsbFfs-monitor thread spawned
01-28 09:12:40.370     0     0 I         : [2 T627   ..] read descriptors
01-28 09:12:40.371     0     0 I         : [2 T627   ..] read strings
01-28 09:12:40.371     0     0 W [3 T1894  ..] udc-core: couldn't find an available UDC or it's busy
01-28 09:12:40.371     0     0 W [3 T1894  ..] udc-core: couldn't find an available UDC or it's busy
01-28 09:12:40.371     0     0 W [3 T1894  ..] udc-core: couldn't find an available UDC or it's busy
01-28 09:12:40.371     0     0 W [1 T1894  ..] udc-core: couldn't find an available UDC or it's busy
01-28 09:12:40.371     0     0 W [1 T1894  ..] udc-core: couldn't find an available UDC or it's busy
01-28 09:12:40.660   469   689 I AudioFlinger: BUFFER TIMEOUT: remove(81) from active list on thread 0xebb78dd0
01-28 09:12:40.661   469   689 D audioserver: FGS Logger Transaction failed
01-28 09:12:40.661   469   689 D audioserver: -129
01-28 09:12:40.669   469   619 W AudioFlinger: moveEffectChain_l() effect chain for session 0 not on source thread 0xebb78dd0
01-28 09:12:40.688   752   883 D ActivityManager: freezing 2413 com.google.process.gservices
01-28 09:12:40.821  2406  2406 D NowPlayingListener: updateNowPlayingNotification with controller: NowPlayingMediaController {packageName = de.telekom.magentatv.androidtv, state = 3, metadata = Sendepause, FUSSBALL.TV 1, null}
01-28 09:12:40.822  2406  2406 D NowPlayingListener: updateMetadata() called with: metadata description = [Sendepause, FUSSBALL.TV 1, null] and now playing listener: doq@6233b5e
01-28 09:12:40.822  1650  1650 V AudioMediaPlayerWrapper: onPlaybackStateChanged(): de.telekom.magentatv.androidtv : PlaybackState {state=PLAYING(3), position=1769562740141, buffered position=0, speed=1.0, updated=1395073, actions=383, custom actions=[], active item id=-1, error=null}
01-28 09:12:40.823  2498  2498 D BasicMediaStatusFactory: Supported media session actions: 383
01-28 09:12:40.824  1650  1650 V AudioMediaPlayerWrapper: trySendMediaUpdate(): Metadata has been updated for de.telekom.magentatv.androidtv
01-28 09:12:40.824  1650  1650 I MediaPlayerList: sendMediaUpdate: Creating a one item queue for a player with no queue
01-28 09:12:40.824  1650  1650 D MediaPlayerList: sendMediaUpdate state=PlaybackState {state=PLAYING(3), position=1769562740144, buffered position=0, speed=1.0, updated=1395076, actions=383, custom actions=[], active item id=-1, error=null}
01-28 09:12:40.824  1650  1650 D AvrcpTargetJni: sendMediaUpdateNative
01-28 09:12:40.824  1650  1650 I bt_stack: [INFO:avrcp_service.cc(515)] virtual void bluetooth::avrcp::AvrcpService::SendMediaUpdate(bool, bool, bool) track_changed=0 :  play_state=1 :  queue=0
01-28 09:12:40.825  1650  1650 V AudioMediaPlayerWrapper: onPlaybackStateChanged(): de.telekom.magentatv.androidtv : PlaybackState {state=PLAYING(3), position=1769562740141, buffered position=0, speed=1.0, updated=1395073, actions=383, custom actions=[], active item id=-1, error=null}
01-28 09:12:40.826  1650  1650 V AudioMediaPlayerWrapper: trySendMediaUpdate(): Metadata has been updated for de.telekom.magentatv.androidtv
01-28 09:12:40.827  1650  1650 I MediaPlayerList: sendMediaUpdate: Creating a one item queue for a player with no queue
01-28 09:12:40.827  1650  1650 D MediaPlayerList: sendMediaUpdate state=PlaybackState {state=PLAYING(3), position=1769562740147, buffered position=0, speed=1.0, updated=1395079, actions=383, custom actions=[], active item id=-1, error=null}
01-28 09:12:40.827  1650  1650 D MediaControlGattService: updatePlayerState: playbackState= PLAYING
01-28 09:12:40.827  1650  1650 W MediaControlGattService: Feature PLAYBACK_SPEED(BIT 8) support: true
01-28 09:12:40.827  1650  1650 W MediaControlGattService: Feature PLAYBACK_SPEED(BIT 8) support: true
01-28 09:12:40.827  1650  1650 W MediaControlGattService: Feature PLAYBACK_SPEED(BIT 8) support: true
01-28 09:12:40.827  1650  1650 W MediaControlGattService: Feature TRACK_POSITION(BIT 7) support: true
01-28 09:12:40.827  1650  1650 W MediaControlGattService: Feature TRACK_POSITION_NOTIFY support: true
01-28 09:12:40.827  1650  1650 W MediaControlGattService: Feature MEDIA_STATE(BIT 17) support: true
01-28 09:12:40.827  1650  1650 W MediaControlGattService: Feature MEDIA_STATE(BIT 17) support: true
01-28 09:12:40.829  1650  1650 D BtGatt.GattService: getDeviceType() - device=XX:XX:XX:XX:7A:04, type=2
01-28 09:12:40.829  1650  1650 W MediaControlGattService: Feature PLAYER_NAME(BIT 1) support: true
01-28 09:12:40.829  1650  1650 W MediaControlGattService: Feature PLAYER_NAME(BIT 1) support: true
01-28 09:12:40.829  1650  1650 W MediaControlGattService: Feature MEDIA_CONTROL_POINT_OPCODES_SUPPORTED(BIT 19) support: true
01-28 09:12:40.829  1650  1650 W MediaControlGattService: Feature MEDIA_STATE(BIT 17) support: true
01-28 09:12:40.829  1650  1650 W MediaControlGattService: Feature MEDIA_STATE(BIT 17) support: true
01-28 09:12:40.829  1650  1650 W MediaControlGattService: Feature SEEKING_SPEED(BIT 9) support: true
01-28 09:12:40.829  1650  1650 W MediaControlGattService: Feature SEEKING_SPEED(BIT 9) support: true
01-28 09:12:40.830  1650  1650 W MediaControlGattService: Feature SEEKING_SPEED(BIT 9) support: true
01-28 09:12:40.843  2406  2406 D NowPlayingManager: onMediaDataUpdated() called with: NowPlayingData [don@448b953, title=Sendepause, artist=FUSSBALL.TV 1]
01-28 09:12:40.855  2406  2406 D NowPlayingManager: onMediaDataUpdated: A notification for Now Playing Card has been posted with NowPlayingData [title=Sendepause, artist=FUSSBALL.TV 1]
01-28 09:12:40.855  2406  2406 D NowPlayingListener: updatePlayback() called with: state = [PlaybackState {state=PLAYING(3), position=1769562740141, buffered position=0, speed=1.0, updated=1395073, actions=383, custom actions=[], active item id=-1, error=null}] and now playing listener: doq@6233b5e
01-28 09:12:40.855  2406  2406 D NowPlayingManager: onClientPlaybackStateUpdate() called with: state = [3], stateChangeTimeMs = [1395073], currentPosMs = [1769562740141]
01-28 09:12:40.855  2406  2406 D NowPlayingManager: onClientPlaybackStateUpdate: Skipped update, state: 3 was unchanged
01-28 09:12:40.855  2406  2406 D NowPlayingListener: updateMetadata() called with: metadata description = [Sendepause, FUSSBALL.TV 1, null] and now playing listener: doq@6233b5e
01-28 09:12:40.877  2406  2406 D NowPlayingManager: onMediaDataUpdated() called with: NowPlayingData [don@1b20789, title=Sendepause, artist=FUSSBALL.TV 1]
01-28 09:12:40.888  2406  2406 D NowPlayingManager: onMediaDataUpdated: A notification for Now Playing Card has been posted with NowPlayingData [title=Sendepause, artist=FUSSBALL.TV 1]
01-28 09:12:40.910   427  1925 D rtk_heartbeat: heartbeat_timed_out: heartbeatCmdCount = 1316, expected nextSeqNum = 1316
01-28 09:12:40.911   427  1777 D rtk_heartbeat: rtkbt_heartbeat_cmpl_cback: Current SeqNum = 1316,should SeqNum=1316, status = 0
01-28 09:12:41.060  1479  1479 D TvNotificationHandler: Notification added
01-28 09:12:41.094  1479  1479 D TvNotificationHandler: Notification added
01-28 09:12:41.174   752   801 I system_server: Background young concurrent copying GC freed 434131(16MB) AllocSpace objects, 15(300KB) LOS objects, 45% free, 21MB/38MB, paused 256us,196us total 116.135ms
01-28 09:12:41.233  6754  9449 W MpdParser: Ignoring <ContentProtection> with schemeIdUri="urn:mpeg:dash:mp4protection:2011" (ClearKey) due to missing required default_KID attribute.
01-28 09:12:41.233  6754  6754 E EventLogger: [main] audioTrackUnderrun [eventTime=329.52, mediaPos=14384.62, window=0, period=0, 48000, 250, 1312]
01-28 09:12:41.235  6754  9449 W MpdParser: Ignoring <ContentProtection> with schemeIdUri="urn:mpeg:dash:mp4protection:2011" (ClearKey) due to missing required default_KID attribute.
01-28 09:12:41.237  6754  9449 W MpdParser: Ignoring <ContentProtection> with schemeIdUri="urn:mpeg:dash:mp4protection:2011" (ClearKey) due to missing required default_KID attribute.
01-28 09:12:41.239  6754  9449 W MpdParser: Ignoring <ContentProtection> with schemeIdUri="urn:mpeg:dash:mp4protection:2011" (ClearKey) due to missing required default_KID attribute.
01-28 09:12:41.242  6754  9449 W MpdParser: Ignoring <ContentProtection> with schemeIdUri="urn:mpeg:dash:mp4protection:2011" (ClearKey) due to missing required default_KID attribute.
01-28 09:12:41.245  6754  9449 W MpdParser: Ignoring <ContentProtection> with schemeIdUri="urn:mpeg:dash:mp4protection:2011" (ClearKey) due to missing required default_KID attribute.
01-28 09:12:41.255  2081  2160 D RcuSetupService: de.telekom.rcusetup is not top activity.
01-28 09:12:41.353   617  9583 W adbd    : timed out while waiting for FUNCTIONFS_BIND, trying again
01-28 09:12:41.354   617  9583 I adbd    : UsbFfs: connection terminated: monitor thread finished
01-28 09:12:41.354   617   617 I adbd    : UsbFfs: already offline
01-28 09:12:41.354   617   617 I adbd    : destroying transport UsbFfs
01-28 09:12:41.354   617   617 I adbd    : UsbFfsConnection being destroyed
01-28 09:12:41.399   617   627 I adbd    : opening control endpoint /dev/usb-ffs/adb/ep0
01-28 09:12:41.400   617   627 I adbd    : UsbFfsConnection constructed
01-28 09:12:41.400   617  9584 I adbd    : UsbFfs-monitor thread spawned
01-28 09:12:41.419     0     0 I         : [2 T627   ..] read descriptors
01-28 09:12:41.419     0     0 I         : [2 T627   ..] read strings
01-28 09:12:41.419     0     0 W [3 T1894  ..] udc-core: couldn't find an available UDC or it's busy
01-28 09:12:41.419     0     0 W [2 T1894  ..] udc-core: couldn't find an available UDC or it's busy
01-28 09:12:41.419     0     0 W [2 T1894  ..] udc-core: couldn't find an available UDC or it's busy
01-28 09:12:41.821  2406  2406 D NowPlayingListener: updateNowPlayingNotification with controller: NowPlayingMediaController {packageName = de.telekom.magentatv.androidtv, state = 3, metadata = Sendepause, FUSSBALL.TV 1, null}
01-28 09:12:41.822  2406  2406 D NowPlayingListener: updateMetadata() called with: metadata description = [Sendepause, FUSSBALL.TV 1, null] and now playing listener: doq@6233b5e
01-28 09:12:41.822  1650  1650 V AudioMediaPlayerWrapper: onPlaybackStateChanged(): de.telekom.magentatv.androidtv : PlaybackState {state=PLAYING(3), position=1769562740141, buffered position=0, speed=1.0, updated=1396073, actions=383, custom actions=[], active item id=-1, error=null}
01-28 09:12:41.822  1650  1650 W AudioMediaPlayerWrapper: onPlaybackStateChanged(): de.telekom.magentatv.androidtv tried to update with no new data
01-28 09:12:41.823  2498  2498 D BasicMediaStatusFactory: Supported media session actions: 383
01-28 09:12:41.823  1650  1650 V AudioMediaPlayerWrapper: onPlaybackStateChanged(): de.telekom.magentatv.androidtv : PlaybackState {state=PLAYING(3), position=1769562740141, buffered position=0, speed=1.0, updated=1396073, actions=383, custom actions=[], active item id=-1, error=null}
01-28 09:12:41.823  1650  1650 W AudioMediaPlayerWrapper: onPlaybackStateChanged(): de.telekom.magentatv.androidtv tried to update with no new data
01-28 09:12:41.844  2406  2406 D NowPlayingManager: onMediaDataUpdated() called with: NowPlayingData [don@51b97af, title=Sendepause, artist=FUSSBALL.TV 1]
01-28 09:12:41.855  2406  2406 D NowPlayingManager: onMediaDataUpdated: A notification for Now Playing Card has been posted with NowPlayingData [title=Sendepause, artist=FUSSBALL.TV 1]
01-28 09:12:41.855  2406  2406 D NowPlayingListener: updatePlayback() called with: state = [PlaybackState {state=PLAYING(3), position=1769562740141, buffered position=0, speed=1.0, updated=1396073, actions=383, custom actions=[], active item id=-1, error=null}] and now playing listener: doq@6233b5e
01-28 09:12:41.855  2406  2406 D NowPlayingManager: onClientPlaybackStateUpdate() called with: state = [3], stateChangeTimeMs = [1396073], currentPosMs = [1769562740141]
01-28 09:12:41.855  2406  2406 D NowPlayingManager: onClientPlaybackStateUpdate: Skipped update, state: 3 was unchanged
01-28 09:12:41.855  2406  2406 D NowPlayingListener: updateMetadata() called with: metadata description = [Sendepause, FUSSBALL.TV 1, null] and now playing listener: doq@6233b5e
01-28 09:12:41.859   437  9469 I DebugUtil: [0##35]in/out status {INS/OUTS=793(2)/779(0)}, pipeline status {IN=8/8, OUT=8/13[Component(0) Accelerator(5) Client(8)]}
01-28 09:12:41.881  2406  2406 D NowPlayingManager: onMediaDataUpdated() called with: NowPlayingData [don@2a9345, title=Sendepause, artist=FUSSBALL.TV 1]
01-28 09:12:41.893  2406  2406 D NowPlayingManager: onMediaDataUpdated: A notification for Now Playing Card has been posted with NowPlayingData [title=Sendepause, artist=FUSSBALL.TV 1]
01-28 09:12:41.910   427  1925 D rtk_heartbeat: heartbeat_timed_out: heartbeatCmdCount = 1317, expected nextSeqNum = 1317
01-28 09:12:41.911   427  1777 D rtk_heartbeat: rtkbt_heartbeat_cmpl_cback: Current SeqNum = 1317,should SeqNum=1317, status = 0
01-28 09:12:42.036  2081  3195 D RcuSetupService: de.telekom.rcusetup is not top activity.
01-28 09:12:42.062  1479  1479 D TvNotificationHandler: Notification added
01-28 09:12:42.100  1479  1479 D TvNotificationHandler: Notification added
01-28 09:12:42.397   437  9482 I VDA     : [0##35]"ServiceDeviceTask INs=783/791, OUTs=779/784"" {IN=8/16, OUT=8/13[kAtAccelerator(0) kAtDevice(5) kAtClient(8)]}"
01-28 09:12:42.402   617  9584 W adbd    : timed out while waiting for FUNCTIONFS_BIND, trying again
01-28 09:12:42.402   617  9584 I adbd    : UsbFfs: connection terminated: monitor thread finished
01-28 09:12:42.402   617   617 I adbd    : UsbFfs: already offline
01-28 09:12:42.402   617   617 I adbd    : destroying transport UsbFfs
01-28 09:12:42.402   617   617 I adbd    : UsbFfsConnection being destroyed
01-28 09:12:42.431   617   627 I adbd    : opening control endpoint /dev/usb-ffs/adb/ep0
01-28 09:12:42.432   617   627 I adbd    : UsbFfsConnection constructed
01-28 09:12:42.433   617  9585 I adbd    : UsbFfs-monitor thread spawned
01-28 09:12:42.450     0     0 I         : [0 T627   ..] read descriptors
01-28 09:12:42.450     0     0 I         : [0 T627   ..] read strings
01-28 09:12:42.451     0     0 W [1 T1894  ..] udc-core: couldn't find an available UDC or it's busy
01-28 09:12:42.452     0     0 W [2 T1894  ..] udc-core: couldn't find an available UDC or it's busy
01-28 09:12:42.452     0     0 W [2 T1894  ..] udc-core: couldn't find an available UDC or it's busy
01-28 09:12:42.777  6754  9449 W MpdParser: Ignoring <ContentProtection> with schemeIdUri="urn:mpeg:dash:mp4protection:2011" (ClearKey) due to missing required default_KID attribute.
01-28 09:12:42.779  6754  9449 W MpdParser: Ignoring <ContentProtection> with schemeIdUri="urn:mpeg:dash:mp4protection:2011" (ClearKey) due to missing required default_KID attribute.
01-28 09:12:42.780  6754  9449 W MpdParser: Ignoring <ContentProtection> with schemeIdUri="urn:mpeg:dash:mp4protection:2011" (ClearKey) due to missing required default_KID attribute.
01-28 09:12:42.782  6754  9449 W MpdParser: Ignoring <ContentProtection> with schemeIdUri="urn:mpeg:dash:mp4protection:2011" (ClearKey) due to missing required default_KID attribute.
01-28 09:12:42.784  6754  9449 W MpdParser: Ignoring <ContentProtection> with schemeIdUri="urn:mpeg:dash:mp4protection:2011" (ClearKey) due to missing required default_KID attribute.
01-28 09:12:42.787  6754  9449 W MpdParser: Ignoring <ContentProtection> with schemeIdUri="urn:mpeg:dash:mp4protection:2011" (ClearKey) due to missing required default_KID attribute.
01-28 09:12:42.822  2406  2406 D NowPlayingListener: updateNowPlayingNotification with controller: NowPlayingMediaController {packageName = de.telekom.magentatv.androidtv, state = 3, metadata = Sendepause, FUSSBALL.TV 1, null}
01-28 09:12:42.822  2406  2406 D NowPlayingListener: updateMetadata() called with: metadata description = [Sendepause, FUSSBALL.TV 1, null] and now playing listener: doq@6233b5e
01-28 09:12:42.823  1650  1650 V AudioMediaPlayerWrapper: onPlaybackStateChanged(): de.telekom.magentatv.androidtv : PlaybackState {state=PLAYING(3), position=1769562740141, buffered position=0, speed=1.0, updated=1397074, actions=383, custom actions=[], active item id=-1, error=null}
01-28 09:12:42.823  1650  1650 W AudioMediaPlayerWrapper: onPlaybackStateChanged(): de.telekom.magentatv.androidtv tried to update with no new data
01-28 09:12:42.823  2498  2498 D BasicMediaStatusFactory: Supported media session actions: 383
01-28 09:12:42.823  1650  1650 V AudioMediaPlayerWrapper: onPlaybackStateChanged(): de.telekom.magentatv.androidtv : PlaybackState {state=PLAYING(3), position=1769562740141, buffered position=0, speed=1.0, updated=1397074, actions=383, custom actions=[], active item id=-1, error=null}
01-28 09:12:42.824  1650  1650 W AudioMediaPlayerWrapper: onPlaybackStateChanged(): de.telekom.magentatv.androidtv tried to update with no new data
01-28 09:12:42.844  2406  2406 D NowPlayingManager: onMediaDataUpdated() called with: NowPlayingData [don@d93ffcb, title=Sendepause, artist=FUSSBALL.TV 1]
01-28 09:12:42.857  2406  2406 D NowPlayingManager: onMediaDataUpdated: A notification for Now Playing Card has been posted with NowPlayingData [title=Sendepause, artist=FUSSBALL.TV 1]
01-28 09:12:42.857  2406  2406 D NowPlayingListener: updatePlayback() called with: state = [PlaybackState {state=PLAYING(3), position=1769562740141, buffered position=0, speed=1.0, updated=1397074, actions=383, custom actions=[], active item id=-1, error=null}] and now playing listener: doq@6233b5e
01-28 09:12:42.857  2406  2406 D NowPlayingManager: onClientPlaybackStateUpdate() called with: state = [3], stateChangeTimeMs = [1397074], currentPosMs = [1769562740141]
01-28 09:12:42.857  2406  2406 D NowPlayingManager: onClientPlaybackStateUpdate: Skipped update, state: 3 was unchanged
01-28 09:12:42.857  2406  2406 D NowPlayingListener: updateMetadata() called with: metadata description = [Sendepause, FUSSBALL.TV 1, null] and now playing listener: doq@6233b5e
01-28 09:12:42.888  2406  2406 D NowPlayingManager: onMediaDataUpdated() called with: NowPlayingData [don@1e61ec1, title=Sendepause, artist=FUSSBALL.TV 1]
01-28 09:12:42.900  2406  2406 D NowPlayingManager: onMediaDataUpdated: A notification for Now Playing Card has been posted with NowPlayingData [title=Sendepause, artist=FUSSBALL.TV 1]
01-28 09:12:42.910   427  1925 D rtk_heartbeat: heartbeat_timed_out: heartbeatCmdCount = 1318, expected nextSeqNum = 1318
01-28 09:12:42.912   427  1777 D rtk_heartbeat: rtkbt_heartbeat_cmpl_cback: Current SeqNum = 1318,should SeqNum=1318, status = 0
01-28 09:12:43.034   437  9487 W C2BqBuffer: last successful dequeue was 2644125 us ago, 0 consecutive failures
01-28 09:12:43.063  1479  1479 D TvNotificationHandler: Notification added
01-28 09:12:43.091  2411  2474 W ebug.processID1: Reducing the number of considered missed Gc histogram windows from 128 to 100
01-28 09:12:43.108  1479  1479 D TvNotificationHandler: Notification added
01-28 09:12:43.186   425   882 D audio_hw_hal_primary: [out_standby_new:5641] io 69: out:0xe94c39d0 streamType:PCM_DEEP_BUF
01-28 09:12:43.186   425   882 I audio_hw_hal_primary: [do_output_standby_l:5561] io 69: out:0xe94c39d0, stream streamType:PCM_DEEP_BUF, continuous:1
01-28 09:12:43.186   425   882 I audio_hw_hal_streamMgr: [aml_get_is_exist_active_stream:249]  ptmp:0xec4854d0  pStream:0xe94c39d0, amlStream:0xe94c39d0, streamCount:2 nodeIndex:2, retValue:0
01-28 09:12:43.186   425   882 I audio_hw_hal_streamMgr: [aml_get_is_exist_active_stream:249]  ptmp:0xec4854d0  pStream:0xe94c39d0, amlStream:0xe94c39d0, streamCount:2 nodeIndex:2, retValue:0
01-28 09:12:43.186   425   882 I audio_hw_hal_ms12common: aml_set_ms12_scheduler_state  ms12_scheduler_state:1, sch_state:1 SCHEDULER_STANDBY is sent to ms12
01-28 09:12:43.186   425   882 D audio_hw_hal_primary: [out_standby_new:5693] io 69: out:0xe94c39d0 streamType:PCM_DEEP_BUF exit
01-28 09:12:43.420   469   515 W AudioFlinger: moveEffectChain_l() effect chain for session 0 not on source thread 0xee375dd0
01-28 09:12:43.424   469   515 D audioserver: FGS Logger Transaction failed
01-28 09:12:43.424   469   515 D audioserver: -129
01-28 09:12:43.425   425   882 I audio_hw_hal_primary: out_update_source_metadata_v7() line 1752 usage:1 content_type:3
01-28 09:12:43.426   425   943 I audio_hw_hal_primary: [out_write_new:7191] io 69: out:0xe94c39d0 streamType:PCM_DEEP_BUF, standby
01-28 09:12:43.426   425   943 D audio_hw_hal_ms12v2: set_dolby_ms12_continuous_state  audio_continuous_standby_set status 0
01-28 09:12:43.426   425   943 D audio_hw_hal_continuous_standby: audio_continuous_standby_set, type 0, params 0
01-28 09:12:43.426   425   943 I audio_hw_hal_ms12common: aml_set_ms12_scheduler_state  ms12_scheduler_state:0, sch_state:0 SCHEDULER_RUNNING is sent to ms12
01-28 09:12:43.426   425   943 I audio_hw_hal_stream: mixer_aux_buffer_write_wrap in_frames 960, input_cache_frames 960
01-28 09:12:43.427   425   943 I audio_hw_hal_primary: [out_write_new:7191] io 69: out:0xe94c39d0 streamType:PCM_DEEP_BUF, standby
01-28 09:12:43.427   425   943 I audio_hw_hal_primary: [mixer_aux_buffer_write:6529] io 69: out:0xe94c39d0 streamType:PCM_DEEP_BUF standby to unstandby
01-28 09:12:43.427   425   943 E audio_hw_hal_virtualbuf: ms12 deep buf input underrun happens read=19789014926 write=19640000000 diff=149014926
01-28 09:12:43.430  6754  8219 D AudioTrack: getTimestamp_l(60): stale timestamp time corrected, currentTimeNanos: 1397494816664 < limitNs: 1397651721372 < mStartNs: 1397672721372
01-28 09:12:43.434   617  9585 W adbd    : timed out while waiting for FUNCTIONFS_BIND, trying again
01-28 09:12:43.434   617  9585 I adbd    : UsbFfs: connection terminated: monitor thread finished
01-28 09:12:43.435   617   617 I adbd    : UsbFfs: already offline
01-28 09:12:43.435   617   617 I adbd    : destroying transport UsbFfs
01-28 09:12:43.435   617   617 I adbd    : UsbFfsConnection being destroyed
01-28 09:12:43.437   425   943 I audio_hw_hal_stream: aml_stream_out_info_print: out:0xe94c39d0, stream_type:pcm, sync_mode:non tunnel, input_size:61152000 bytes
01-28 09:12:43.437   425   943 I audio_hw_hal_stream: aml_stream_out_info_print: last_time:1397494 ms (sec:1397, nsec:494816664), last_position:318398 ms (15283120), cur_time:1397688 ms (sec:1397, nsec:688190747), cur_position:318403 ms (15283376)
01-28 09:12:43.437   425   943 I audio_hw_hal_stream: aml_stream_out_info_print: time_gap:194 ms (thr:100 ms), position_gap:5 ms, delay:96 ms, jitter: Position gap is behind system time gap by 189 ms (thr:100 ms)
01-28 09:12:43.455   469   689 D AudioFlinger: mixer(0xebb78dd0) throttle end: throttle time(1)
01-28 09:12:43.457   399  9586 I resolv  : GetAddrInfoHandler::run: {100 100 100 983140 10041 0}
01-28 09:12:43.458   399  9587 I resolv  : res_nmkquery: (QUERY, IN, A)
01-28 09:12:43.458   399  9587 I resolv  : resolv_cache_lookup: FOUND IN CACHE entry=0xe92c1450
01-28 09:12:43.459   399  9587 I resolv  : doQuery: rcode=0, ancount=3, return value=87
01-28 09:12:43.460  6754  8168 D TrafficStats: tagSocket(442) with statsTag=0xffffffff, statsUid=-1
01-28 09:12:43.475   617   627 I adbd    : opening control endpoint /dev/usb-ffs/adb/ep0
01-28 09:12:43.476   617   627 I adbd    : UsbFfsConnection constructed
01-28 09:12:43.494     0     0 I         : [3 T627   ..] read descriptors
01-28 09:12:43.494     0     0 I         : [3 T627   ..] read strings
01-28 09:12:43.495     0     0 W [2 T1894  ..] udc-core: couldn't find an available UDC or it's busy
01-28 09:12:43.495     0     0 W [3 T1894  ..] udc-core: couldn't find an available UDC or it's busy
01-28 09:12:43.476   617  9588 I adbd    : UsbFfs-monitor thread spawned
01-28 09:12:43.495     0     0 W [3 T1894  ..] udc-core: couldn't find an available UDC or it's busy
01-28 09:12:43.564   437  9482 I VDA     : [0##35]"ServiceDeviceTask INs=784/791, OUTs=781/786"" {IN=7/16, OUT=8/13[kAtAccelerator(0) kAtDevice(5) kAtClient(8)]}"
01-28 09:12:43.573  6754  9467 D BufferPoolAccessor2.0: bufferpool2 0xbad392c8 : 8(16777216 size) total buffers - 8(16777216 size) used buffers - 0/8 (recycle/alloc) - 8/794 (fetch/transfer)
01-28 09:12:43.654   752  1413 D ConnectivityService: reportNetworkConnectivity(100, false) by 1000
01-28 09:12:43.655  1627  2012 D NetworkMonitor/100: Forcing reevaluation for UID 1000. Dns signal count: 0
01-28 09:12:43.659  1627  9591 D TrafficStats: tagSocket(81) with statsTag=0xffffff81, statsUid=-1
01-28 09:12:43.659  1627  9590 D TrafficStats: tagSocket(74) with statsTag=0xffffff81, statsUid=-1
01-28 09:12:43.661  1627  9591 D TrafficStats: tagSocket(81) with statsTag=0xffffff81, statsUid=-1
01-28 09:12:43.661  1627  9590 D TrafficStats: tagSocket(74) with statsTag=0xffffff81, statsUid=-1
01-28 09:12:43.666   399  9592 I resolv  : ResNSendHandler::run: 0 / {100 983140 100 983140 1073 1}
01-28 09:12:43.666   399  9593 I resolv  : ResNSendHandler::run: 0 / {100 983140 100 983140 1073 1}
01-28 09:12:43.666   399  9593 I resolv  : resolv_cache_lookup: FOUND IN CACHE entry=0xe9681e70
01-28 09:12:43.666   399  9592 I resolv  : resolv_cache_lookup: FOUND IN CACHE entry=0xe9500900
01-28 09:12:43.667  1627  1627 D TrafficStats: tagSocket(74) with statsTag=0xffffffff, statsUid=-1
01-28 09:12:43.668  1627  9590 D NetworkMonitor/100: PROBE_DNS www.google.com 9ms OK 142.250.198.164
01-28 09:12:43.669  1627  1627 D TrafficStats: tagSocket(74) with statsTag=0xffffffff, statsUid=-1
01-28 09:12:43.670  1627  9591 D NetworkMonitor/100: PROBE_DNS connectivitycheck.gstatic.com 11ms OK 142.250.199.195
01-28 09:12:43.671   399  9594 I resolv  : GetAddrInfoHandler::run: {100 983140 100 983140 1073 1}
01-28 09:12:43.671   399  9595 I resolv  : res_nmkquery: (QUERY, IN, A)
01-28 09:12:43.671   399  9595 I resolv  : resolv_cache_lookup: FOUND IN CACHE entry=0xe9681e70
01-28 09:12:43.671   399  9595 I resolv  : doQuery: rcode=0, ancount=1, return value=48
01-28 09:12:43.673  1627  9590 D TrafficStats: tagSocket(74) with statsTag=0xffffff81, statsUid=-1
01-28 09:12:43.673   399  9596 I resolv  : GetAddrInfoHandler::run: {100 983140 100 983140 1073 1}
01-28 09:12:43.674   399  9597 I resolv  : res_nmkquery: (QUERY, IN, A)
01-28 09:12:43.674   399  9597 I resolv  : resolv_cache_lookup: FOUND IN CACHE entry=0xe9500900
01-28 09:12:43.674   399  9597 I resolv  : doQuery: rcode=0, ancount=1, return value=63
01-28 09:12:43.675  1627  9591 D TrafficStats: tagSocket(81) with statsTag=0xffffff81, statsUid=-1
01-28 09:12:43.702  1627  9591 D NetworkMonitor/100: PROBE_HTTP http://connectivitycheck.gstatic.com/generate_204 time=29ms ret=204 request={Connection=[close], User-Agent=[Mozilla/5.0 (X11; Linux x86_64) AppleWebKit/537.36 (KHTML, like Gecko) Chrome/60.0.3112.32 Safari/537.36]} headers={null=[HTTP/1.1 204 No Content], Connection=[close], Content-Length=[0], Cross-Origin-Resource-Policy=[cross-origin], Date=[Wed, 28 Jan 2026 01:12:43 GMT], X-Android-Received-Millis=[1769562763701], X-Android-Response-Source=[NETWORK 204], X-Android-Selected-Protocol=[http/1.1], X-Android-Sent-Millis=[1769562763688]}
01-28 09:12:43.793   399   418 I netd    : tetherGetStats() -> {[]} <1.24ms>
01-28 09:12:43.806   399   418 I netd    : bandwidthSetGlobalAlert(2097152) <0.60ms>
01-28 09:12:43.911   427  1925 D rtk_heartbeat: heartbeat_timed_out: heartbeatCmdCount = 1319, expected nextSeqNum = 1319
01-28 09:12:43.912   427  1777 D rtk_heartbeat: rtkbt_heartbeat_cmpl_cback: Current SeqNum = 1319,should SeqNum=1319, status = 0
01-28 09:12:43.993   427  1804 E rtk_parse: rtkbt_write_mac_hdl_conf unable to open '/data/vendor/bluetooth/rtkbt_mac_hdl.conf': Permission denied
01-28 09:12:43.993  1650  1759 I bluetooth: packages/modules/Bluetooth/system/gd/metrics/metrics_state.cc:177 AddStateChangedEvent: LEConnectionMetricsRemoteDevice: Transaction State 0x00000002, Connection Type 0x00000001, Origin Type 0x00000001
01-28 09:12:43.994  1650  1759 I bluetooth: packages/modules/Bluetooth/system/gd/metrics/metrics_state.cc:58 AddStateChangedEvent: LEConnectionMetricState:  Origin Type: 0x00000001, Connection Type: 0x00000001, Transaction State: 0x00000002
01-28 09:12:43.994  1650  1759 I bluetooth: packages/modules/Bluetooth/system/gd/metrics/metrics_state.cc:161 UploadLEConnectionSession: LEConnectionMetricsRemoteDevice: The session is uploaded for xx:xx:xx:xx:7a:04
01-28 09:12:43.994  1650  1759 W bluetooth: packages/modules/Bluetooth/system/main/shim/acl.cc:189 Remove: Unknown device being removed from acceptlist:30:d9:7f:d0:7a:04[PUBLIC_DEVICE_ADDRESS]
01-28 09:12:43.989   427   427 W userial_coex_th: type=1400 audit(0.0:784): avc:  denied  { append } for  name="rtkbt_mac_hdl.conf" dev="dm-50" ino=5204 scontext=u:r:hal_bluetooth_default:s0 tcontext=u:object_r:vendor_data_file:s0 tclass=file permissive=0
01-28 09:12:43.994  1650  1759 I bluetooth: packages/modules/Bluetooth/system/gd/hci/le_address_manager.cc:265 ack_pause: Client already in paused state
01-28 09:12:43.994  1650  1753 I bluetooth: packages/modules/Bluetooth/system/stack/gatt/connection_manager.cc:438 on_connection_complete: Le connection completed to device:xx:xx:xx:xx:7a:04
01-28 09:12:43.994  1650  1753 I bluetooth: packages/modules/Bluetooth/system/stack/gatt/connection_manager.cc:438 on_connection_complete: Le connection completed to device:xx:xx:xx:xx:7a:04
01-28 09:12:43.994  1650  1753 I bt_btm_ble: packages/modules/Bluetooth/system/stack/btm/btm_ble.cc:1732 btm_ble_connected: Updating device record timestamp for existing ble connection
01-28 09:12:43.995  1650  1759 I bluetooth: packages/modules/Bluetooth/system/gd/hci/le_address_manager.cc:265 ack_pause: Client already in paused state
01-28 09:12:43.995  1650  1759 I bluetooth: packages/modules/Bluetooth/system/gd/hci/le_address_manager.cc:265 ack_pause: Client already in paused state
01-28 09:12:44.000  1650  1753 E bt_btm  : packages/modules/Bluetooth/system/main/bte_logmsg.cc:105 LogMsg: no pending resolving list operation
01-28 09:12:44.003  1650  1759 I bluetooth: packages/modules/Bluetooth/system/gd/hci/le_address_manager.cc:596 OnCommandComplete: Received command complete with op_code LE_REMOVE_DEVICE_FROM_FILTER_ACCEPT_LIST
01-28 09:12:44.004  1650  1759 I bluetooth: packages/modules/Bluetooth/system/gd/hci/le_address_manager.cc:294 resume_registered_clients: Resuming registered clients
01-28 09:12:44.237     0     0 I [3 T238   ..] logd: logdr: UID=2000 GID=2000 PID=9598 b tail=0 logMask=99 pid=0 start=0ns deadline=0ns
01-28 09:12:44.259  2081  2160 D RcuSetupService: de.telekom.rcusetup is not top activity.
01-28 09:12:44.288  1650  1753 I bt_stack: [INFO:gatt_attr.cc(950)] gatt_sr_init_cl_status: bda=xx:xx:xx:xx:7a:04, cl_supp_feat=0000, aware=1
01-28 09:12:44.289  1650  1753 I bluetooth: packages/modules/Bluetooth/system/stack/gap/gap_ble.cc:304 client_connect_cback: No active GAP service found for peer:xx:xx:xx:xx:7a:04 callback:Connected
01-28 09:12:44.289  1650  1753 I bt_bta_gattc: packages/modules/Bluetooth/system/bta/gatt/bta_gattc_act.cc:1358 bta_gattc_conn_cback: Connected client_if:3 addr:xx:xx:xx:xx:7a:04, transport:BT_TRANSPORT_LE reason:GATT_CONN_OK
01-28 09:12:44.289  1650  1753 I bt_bta_gattc: packages/modules/Bluetooth/system/bta/gatt/bta_gattc_act.cc:1358 bta_gattc_conn_cback: Connected client_if:4 addr:xx:xx:xx:xx:7a:04, transport:BT_TRANSPORT_LE reason:GATT_CONN_OK
01-28 09:12:44.289  1650  1753 I bluetooth: packages/modules/Bluetooth/system/stack/gatt/gatt_main.cc:405 gatt_update_app_use_link_flag: disable link idle timer for xx:xx:xx:xx:7a:04
01-28 09:12:44.289  1650  1753 I bt_stack: [INFO:l2c_api.cc(1630)] L2CA_MarkLeLinkAsActivesetting link to 30:d9:7f:d0:7a:04 as active
01-28 09:12:44.289  1650  1753 I bluetooth: packages/modules/Bluetooth/system/stack/gatt/gatt_api.cc:1206 GATT_SetIdleTimeout: idle_timeout=65535, is_active=1, status=1 (1-OK 0-not performed)
01-28 09:12:44.289  1650  1753 I bt_bta_gattc: packages/modules/Bluetooth/system/bta/gatt/bta_gattc_act.cc:1358 bta_gattc_conn_cback: Connected client_if:5 addr:xx:xx:xx:xx:7a:04, transport:BT_TRANSPORT_LE reason:GATT_CONN_OK
01-28 09:12:44.289  1650  1753 I bluetooth: packages/modules/Bluetooth/system/stack/gatt/gatt_main.cc:405 gatt_update_app_use_link_flag: disable link idle timer for xx:xx:xx:xx:7a:04
01-28 09:12:44.289  1650  1753 I bt_stack: [INFO:l2c_api.cc(1630)] L2CA_MarkLeLinkAsActivesetting link to 30:d9:7f:d0:7a:04 as active
01-28 09:12:44.289  1650  1753 I bluetooth: packages/modules/Bluetooth/system/stack/gatt/gatt_api.cc:1206 GATT_SetIdleTimeout: idle_timeout=65535, is_active=1, status=1 (1-OK 0-not performed)
01-28 09:12:44.289  1650  1753 I bt_bta_gattc: packages/modules/Bluetooth/system/bta/gatt/bta_gattc_act.cc:1358 bta_gattc_conn_cback: Connected client_if:7 addr:xx:xx:xx:xx:7a:04, transport:BT_TRANSPORT_LE reason:GATT_CONN_OK
01-28 09:12:44.289  1650  1753 I bluetooth: packages/modules/Bluetooth/system/stack/gatt/connection_manager.cc:438 on_connection_complete: Le connection completed to device:xx:xx:xx:xx:7a:04
01-28 09:12:44.289  1650  1753 I bt_stack: [INFO:l2c_api.cc(1630)] L2CA_MarkLeLinkAsActivesetting link to 30:d9:7f:d0:7a:04 as active
01-28 09:12:44.289  1650  1753 I bluetooth: packages/modules/Bluetooth/system/stack/gatt/gatt_api.cc:1206 GATT_SetIdleTimeout: idle_timeout=65535, is_active=1, status=1 (1-OK 0-not performed)
01-28 09:12:44.289  1650  1753 I bluetooth: packages/modules/Bluetooth/system/stack/gatt/gatt_main.cc:594 check_cached_model_name: Device xx:xx:xx:xx:7a:04 no cached model name
01-28 09:12:44.289  1650  1753 I bt_btif_dm: packages/modules/Bluetooth/system/btif/src/btif_dm.cc:689 btif_update_remote_version_property: Remote version info valid:true [xx:xx:xx:xx:7a:04]: c, 211, 1c1c
01-28 09:12:44.289  1650  1753 E bta_gattc_main: packages/modules/Bluetooth/system/bta/gatt/bta_gattc_main.cc:395 bta_gattc_hdl_event: Ignore unknown conn ID: 3
01-28 09:12:44.290  1650  1753 E bta_gattc_main: packages/modules/Bluetooth/system/bta/gatt/bta_gattc_main.cc:395 bta_gattc_hdl_event: Ignore unknown conn ID: 4
01-28 09:12:44.290  1650  1753 I bt_bta_gattc: packages/modules/Bluetooth/system/bta/gatt/bta_gattc_act.cc:549 bta_gattc_conn: Connected to xx:xx:xx:xx:7a:04, robust caching support is 0
01-28 09:12:44.290  1650  1753 W bt_btm_sec: packages/modules/Bluetooth/system/stack/btm/btm_sec.cc:1256 BTM_SetEncryption: Security Manager: BTM_SetEncryption busy, enqueue request
01-28 09:12:44.290  1650  1753 I bt_btm_sec: packages/modules/Bluetooth/system/stack/btm/btm_sec.cc:1259 BTM_SetEncryption: Queued start encryption
01-28 09:12:44.291  1650  1931 D BtGatt.GattService: onClientConnected() connId=6, address=30:D9:7F:D0:7A:04, connected=true
01-28 09:12:44.292  1650  1931 D BtGatt.GattService: onClientConnected() uid_not_found=android.uid.bluetooth:1002
01-28 09:12:44.293  1650  1931 D BluetoothGattServer: onServerConnectionState() - status=0 serverIf=6 device=30:D9:7F:D0:7A:04
01-28 09:12:44.293  1650  1931 D BtGatt.GattService: Gatt Logging: metric_id=4, app_uid=-1
01-28 09:12:44.293  1650  1931 D BtGatt.GattService: Gatt Logging: metric_id=4, session_index=6, connection state=2, connection status=-1
01-28 09:12:44.294  1650  1931 W BatteryService: getBatteryService(): service is NULL
01-28 09:12:44.300  1650  1931 D BtGatt.GattService: onConnected() - clientIf=7, connId=7, address=30:D9:7F:D0:7A:04
01-28 09:12:44.301  1650  1931 D BtGatt.GattService: onConnected() - adding permit for address=30:D9:7F:D0:7A:04
01-28 09:12:44.301  2199  3414 D BluetoothGatt: onClientConnectionState() - status=0 clientIf=7 device=30:D9:7F:D0:7A:04
01-28 09:12:44.301  2199  3414 D BluetoothGatt: discoverServices() - device: XX:XX:XX:XX:7A:04
01-28 09:12:44.302  1650  1931 D BtGatt.GattService: Gatt Logging: metric_id=4, session_index=7, connection state=2, connection status=0
01-28 09:12:44.302  1650  1753 E bt_bta_dm: packages/modules/Bluetooth/system/bta/dm/bta_dm_act.cc:3559 bta_dm_set_encryption: Unable to start encryption as already in progress peer:xx:xx:xx:xx:7a:04 transport:BT_TRANSPORT_LE
01-28 09:12:44.303  1650  2284 D BtGatt.GattService: discoverServices() - address=30:D9:7F:D0:7A:04, connId=7
01-28 09:12:44.304  1650  1931 D BtGatt.GattService: onSearchCompleted() - connId=7, status=0
01-28 09:12:44.305  1650  1931 I bt_bta_gattc: packages/modules/Bluetooth/system/bta/gatt/bta_gattc_cache.cc:1041 bta_gattc_get_gatt_db: bta_gattc_get_gatt_db
01-28 09:12:44.305  2199  2199 D SdtDmsServer: BLE device connect:R3AC DT
01-28 09:12:44.305  1666  1666 D t4h_rcupair: [DEBUG] | [ 01-28 01:12:44.305 : 2: BluetoothRemoteApplication.java:57 ] - onReceive action is android.bluetooth.device.action.ACL_CONNECTED
01-28 09:12:44.306  1650  1931 D BtGatt.GattService: onGetGattDb() - address=30:D9:7F:D0:7A:04
01-28 09:12:44.306  1650  1931 D BtGatt.GattService: got service with UUID=00001800-0000-1000-8000-00805f9b34fb id: 1
01-28 09:12:44.306  1650  1931 D BtGatt.GattService: got characteristic with UUID=00002a00-0000-1000-8000-00805f9b34fb id: 3
01-28 09:12:44.306  1650  1931 D BtGatt.GattService: got characteristic with UUID=00002a01-0000-1000-8000-00805f9b34fb id: 5
01-28 09:12:44.306  1650  1931 D BtGatt.GattService: got characteristic with UUID=00002a04-0000-1000-8000-00805f9b34fb id: 7
01-28 09:12:44.306  1650  1931 D BtGatt.GattService: got service with UUID=00001801-0000-1000-8000-00805f9b34fb id: 8
01-28 09:12:44.306  1650  1931 D BtGatt.GattService: got characteristic with UUID=00002a05-0000-1000-8000-00805f9b34fb id: 10
01-28 09:12:44.306  1650  1931 D BtGatt.GattService: got descriptor with UUID=00002902-0000-1000-8000-00805f9b34fb id: 11
01-28 09:12:44.306  1650  1931 D BtGatt.GattService: got service with UUID=0000180a-0000-1000-8000-00805f9b34fb id: 12
01-28 09:12:44.306  1650  1931 D BtGatt.GattService: got characteristic with UUID=00002a23-0000-1000-8000-00805f9b34fb id: 14
01-28 09:12:44.306  1650  1931 D BtGatt.GattService: got characteristic with UUID=00002a24-0000-1000-8000-00805f9b34fb id: 16
01-28 09:12:44.306  1650  1931 D BtGatt.GattService: got characteristic with UUID=00002a25-0000-1000-8000-00805f9b34fb id: 18
01-28 09:12:44.306  1650  1931 D BtGatt.GattService: got characteristic with UUID=00002a26-0000-1000-8000-00805f9b34fb id: 20
01-28 09:12:44.306  1650  1931 D BtGatt.GattService: got characteristic with UUID=00002a27-0000-1000-8000-00805f9b34fb id: 22
01-28 09:12:44.306  1650  1931 D BtGatt.GattService: got characteristic with UUID=00002a28-0000-1000-8000-00805f9b34fb id: 24
01-28 09:12:44.307  1650  1931 D BtGatt.GattService: got characteristic with UUID=00002a29-0000-1000-8000-00805f9b34fb id: 26
01-28 09:12:44.307  1650  1931 D BtGatt.GattService: got characteristic with UUID=00002a50-0000-1000-8000-00805f9b34fb id: 28
01-28 09:12:44.307  1650  1931 D BtGatt.GattService: got service with UUID=0000180f-0000-1000-8000-00805f9b34fb id: 29
01-28 09:12:44.307  1650  1931 D BtGatt.GattService: got characteristic with UUID=00002a19-0000-1000-8000-00805f9b34fb id: 31
01-28 09:12:44.307  1650  1931 D BtGatt.GattService: got descriptor with UUID=00002902-0000-1000-8000-00805f9b34fb id: 32
01-28 09:12:44.307  1650  1931 D BtGatt.GattService: got service with UUID=00001812-0000-1000-8000-00805f9b34fb id: 33
01-28 09:12:44.307  1650  1931 D BtGatt.GattService: got characteristic with UUID=00002a4a-0000-1000-8000-00805f9b34fb id: 35
01-28 09:12:44.307  1650  1931 D BtGatt.GattService: got characteristic with UUID=00002a4c-0000-1000-8000-00805f9b34fb id: 37
01-28 09:12:44.307  1650  1931 D BtGatt.GattService: got characteristic with UUID=00002a4e-0000-1000-8000-00805f9b34fb id: 39
01-28 09:12:44.307  1650  1931 D BtGatt.GattService: got characteristic with UUID=00002a4b-0000-1000-8000-00805f9b34fb id: 41
01-28 09:12:44.307  1650  1931 D BtGatt.GattService: got descriptor with UUID=00002907-0000-1000-8000-00805f9b34fb id: 42
01-28 09:12:44.307  1650  1931 D BtGatt.GattService: got characteristic with UUID=00002a22-0000-1000-8000-00805f9b34fb id: 44
01-28 09:12:44.307  1650  1931 D BtGatt.GattService: got descriptor with UUID=00002902-0000-1000-8000-00805f9b34fb id: 45
01-28 09:12:44.307  1650  1931 D BtGatt.GattService: got characteristic with UUID=00002a32-0000-1000-8000-00805f9b34fb id: 47
01-28 09:12:44.307  1650  1931 D BtGatt.GattService: got characteristic with UUID=00002a4d-0000-1000-8000-00805f9b34fb id: 49
01-28 09:12:44.308  1650  1931 D BtGatt.GattService: got descriptor with UUID=00002902-0000-1000-8000-00805f9b34fb id: 50
01-28 09:12:44.308  1650  1931 D BtGatt.GattService: got descriptor with UUID=00002908-0000-1000-8000-00805f9b34fb id: 51
01-28 09:12:44.308  1650  1931 D BtGatt.GattService: got characteristic with UUID=00002a4d-0000-1000-8000-00805f9b34fb id: 53
01-28 09:12:44.308  1650  1931 D BtGatt.GattService: got descriptor with UUID=00002902-0000-1000-8000-00805f9b34fb id: 54
01-28 09:12:44.308  1650  1931 D BtGatt.GattService: got descriptor with UUID=00002908-0000-1000-8000-00805f9b34fb id: 55
01-28 09:12:44.308  1650  1931 D BtGatt.GattService: got service with UUID=ab5e0001-5a21-4f05-bc7d-af01f617b664 id: 56
01-28 09:12:44.308  1650  1931 D BtGatt.GattService: got characteristic with UUID=ab5e0002-5a21-4f05-bc7d-af01f617b664 id: 58
01-28 09:12:44.308  1650  1931 D BtGatt.GattService: got characteristic with UUID=ab5e0003-5a21-4f05-bc7d-af01f617b664 id: 60
01-28 09:12:44.308  1650  1650 I BluetoothPhonePolicy: processDeviceConnected, device=XX:XX:XX:XX:7A:04
01-28 09:12:44.308  1650  1931 D BtGatt.GattService: got descriptor with UUID=00002902-0000-1000-8000-00805f9b34fb id: 61
01-28 09:12:44.308  1650  1650 D BluetoothDatabase: setConnection: device XX:XX:XX:XX:7A:04 and isA2dpDevice=false
01-28 09:12:44.308  1650  1931 D BtGatt.GattService: got characteristic with UUID=ab5e0004-5a21-4f05-bc7d-af01f617b664 id: 63
01-28 09:12:44.308  1650  1650 D BluetoothDatabase: Updating last connected time for device: XX:XX:XX:XX:7A:04 to 13
01-28 09:12:44.308  1650  1931 D BtGatt.GattService: got descriptor with UUID=00002902-0000-1000-8000-00805f9b34fb id: 64
01-28 09:12:44.308  1650  1650 D BluetoothDatabase: updateDatabase XX:XX:XX:XX:7A:04
01-28 09:12:44.308  1650  1931 D BtGatt.GattService: got service with UUID=f00db000-2009-d00d-2019-f0d1d0badbed id: 65
01-28 09:12:44.308  1650  1931 D BtGatt.GattService: got characteristic with UUID=f00db001-2009-d00d-2019-f0d1d0badbed id: 67
01-28 09:12:44.308  1650  1931 D BtGatt.GattService: got descriptor with UUID=00002902-0000-1000-8000-00805f9b34fb id: 68
01-28 09:12:44.308  1650  1931 D BtGatt.GattService: got characteristic with UUID=f00db002-2009-d00d-2019-f0d1d0badbed id: 70
01-28 09:12:44.308  1650  1931 D BtGatt.GattService: got descriptor with UUID=00002902-0000-1000-8000-00805f9b34fb id: 71
01-28 09:12:44.308  1650  1931 D BtGatt.GattService: got service with UUID=f00da000-2009-d00d-2019-f0d1d0badbed id: 72
01-28 09:12:44.308  1650  1931 D BtGatt.GattService: got characteristic with UUID=f00da001-2009-d00d-2019-f0d1d0badbed id: 74
01-28 09:12:44.308  1650  1931 D BtGatt.GattService: got characteristic with UUID=f00da002-2009-d00d-2019-f0d1d0badbed id: 76
01-28 09:12:44.308  1650  1931 D BtGatt.GattService: got descriptor with UUID=00002902-0000-1000-8000-00805f9b34fb id: 77
01-28 09:12:44.308  1650  1931 D BtGatt.GattService: got service with UUID=f00d0000-2009-d00d-2019-f0d1d0badbed id: 78
01-28 09:12:44.308  1650  1931 D BtGatt.GattService: got characteristic with UUID=f00d0001-2009-d00d-2019-f0d1d0badbed id: 80
01-28 09:12:44.308  1650  1931 D BtGatt.GattService: got characteristic with UUID=f00d0002-2009-d00d-2019-f0d1d0badbed id: 82
01-28 09:12:44.308  1650  1931 D BtGatt.GattService: got descriptor with UUID=00002902-0000-1000-8000-00805f9b34fb id: 83
01-28 09:12:44.308  1650  1931 D BtGatt.GattService: got characteristic with UUID=f00d0003-2009-d00d-2019-f0d1d0badbed id: 85
01-28 09:12:44.308  1650  1931 D BtGatt.GattService: got descriptor with UUID=00002902-0000-1000-8000-00805f9b34fb id: 86
01-28 09:12:44.308  1650  1931 D BtGatt.GattService: got characteristic with UUID=f00d0004-2009-d00d-2019-f0d1d0badbed id: 88
01-28 09:12:44.308  1650  1931 D BtGatt.GattService: got descriptor with UUID=00002902-0000-1000-8000-00805f9b34fb id: 89
01-28 09:12:44.309  2199  3414 D BluetoothGatt: onSearchComplete() = Device=30:D9:7F:D0:7A:04 Status=0
01-28 09:12:44.309  2199  3414 D BluetoothGatt: setCharacteristicNotification() - uuid: ab5e0004-5a21-4f05-bc7d-af01f617b664 enable: true
01-28 09:12:44.311  5978  5978 I pt.multiverso.tech4home: (ACL Receiver) Device connected: 30:D9:7F:D0:7A:04
01-28 09:12:44.311  5978  5978 E pt.multiverso.tech4home: Bluetooth GATT is null. Creating it.
01-28 09:12:44.312  1650  2284 D BtGatt.GattService: registerForNotification() - address=30:D9:7F:D0:7A:04 enable: true
01-28 09:12:44.312  5978  5978 D BluetoothGatt: connect() - device: XX:XX:XX:XX:7A:04, auto: false
01-28 09:12:44.312  5978  5978 D BluetoothGatt: registerApp()
01-28 09:12:44.313  5978  5978 D BluetoothGatt: registerApp() - UUID=53d6c514-bed7-4b15-84eb-34ab32ff6456
01-28 09:12:44.313  1650  1931 W bt_stack: [WARNING:bta_gattc_api.cc(689)] notification already registered
01-28 09:12:44.313  1650  1931 D BtGatt.GattService: onRegisterForNotifications() - address=null, status=0, registered=1, handle=63
01-28 09:12:44.314  1650  2284 D BtGatt.GattService: registerClient() - UUID=53d6c514-bed7-4b15-84eb-34ab32ff6456
01-28 09:12:44.319   752   823 W ProcessStats: Tracking association SourceState{f2c1068 com.tataelxsi.icx/10051 Fgs #6039} whose proc state 3 is better than process ProcessState{5805ce1 com.google.android.gms.persistent/10076 pkg=com.google.android.gms} proc state 4 (38 skipped)
01-28 09:12:44.321  1650  1753 I bluetooth: packages/modules/Bluetooth/system/stack/gatt/gatt_api.cc:1257 GATT_Register: Allocated name:GattClient uuid:96dbfbda-c1b9-f592-f339-a45028aaae63 gatt_if:9 eatt_support:0
01-28 09:12:44.322  1650  1753 I bluetooth: packages/modules/Bluetooth/system/stack/gatt/gatt_api.cc:1371 GATT_StartIf: GATT interface 9 already has connected device xx:xx:xx:xx:7a:04
01-28 09:12:44.322  1650  1753 I bluetooth: packages/modules/Bluetooth/system/stack/gatt/gatt_api.cc:1374 GATT_StartIf: Invoking callback with connection id 9
01-28 09:12:44.322  1650  1753 I bt_bta_gattc: packages/modules/Bluetooth/system/bta/gatt/bta_gattc_act.cc:1358 bta_gattc_conn_cback: Connected client_if:9 addr:xx:xx:xx:xx:7a:04, transport:BT_TRANSPORT_LE reason:GATT_CONN_OK
01-28 09:12:44.322  1650  1753 E bta_gattc_main: packages/modules/Bluetooth/system/bta/gatt/bta_gattc_main.cc:395 bta_gattc_hdl_event: Ignore unknown conn ID: 9
01-28 09:12:44.324  1650  1931 D BtGatt.GattService: onClientRegistered() - UUID=53d6c514-bed7-4b15-84eb-34ab32ff6456, clientIf=9
01-28 09:12:44.324  5978  5992 D BluetoothGatt: onClientRegistered() - status=0 clientIf=9
01-28 09:12:44.331  1650  2284 D BtGatt.GattService: clientConnect() - address=30:D9:7F:D0:7A:04, addressType=0, isDirect=true, opportunistic=false, phy=1
01-28 09:12:44.332  1650  2284 D BtGatt.GattService: Gatt Logging: metric_id=4, app_uid=10054
01-28 09:12:44.332  1650  2284 D BtGatt.GattService: Gatt Logging: metric_id=4, session_index=9, connection state=1, connection status=-1
01-28 09:12:44.333  1681  1681 I BLE_Service: >ACL LINK CONNECTED [R3AC DT] - checking for supported devices after delay
01-28 09:12:44.334  1666  1666 D t4h_rcupair: [VERBOSE] | [ 01-28 01:12:44.334 : 2: BluetoothRemoteApplication.java:70 ] - mSpecifyDeviceNames:R3AC DT|MagentaTV Remote|MagentaTV Remote 2, device.getName():R3AC DT, device.getAddress():30:D9:7F:D0:7A:04
01-28 09:12:44.335  1650  1931 I bt_btif_gattc: packages/modules/Bluetooth/system/btif/src/btif_gatt_client.cc:347 btif_gattc_open_impl: Transport=2, device type=2, address type =0, phy=1
01-28 09:12:44.335  1650  1753 I bluetooth: packages/modules/Bluetooth/system/stack/gatt/gatt_main.cc:394 gatt_update_app_use_link_flag: check_acl_link is false, no need to check
01-28 09:12:44.335  1650  1931 D BtGatt.GattService: onConnected() - clientIf=9, connId=9, address=30:D9:7F:D0:7A:04
01-28 09:12:44.335  1650  1931 D BtGatt.GattService: onConnected() - adding permit for address=30:D9:7F:D0:7A:04
01-28 09:12:44.335  5978  5992 D BluetoothGatt: onClientConnectionState() - status=0 clientIf=9 device=30:D9:7F:D0:7A:04
01-28 09:12:44.336  5978  5992 E pt.multiverso.tech4home: Remote state changed to 2
01-28 09:12:44.336  1650  1931 D BtGatt.GattService: Gatt Logging: metric_id=4, session_index=9, connection state=2, connection status=0
01-28 09:12:44.336  1666  8811 D t4h_rcupair: [DEBUG] | [ 01-28 01:12:44.336 : 66: R3T4HPairService.java:583 ] - IT4HDeviceStatusListener onConnected devicename=30:D9:7F:D0:7A:04, initializeServiceConnection=true
01-28 09:12:44.336  1650  1753 E bt_bta_dm: packages/modules/Bluetooth/system/bta/dm/bta_dm_act.cc:3559 bta_dm_set_encryption: Unable to start encryption as already in progress peer:xx:xx:xx:xx:7a:04 transport:BT_TRANSPORT_LE
01-28 09:12:44.337  5978  5992 D BluetoothGatt: discoverServices() - device: XX:XX:XX:XX:7A:04
01-28 09:12:44.339  1650  2284 D BtGatt.GattService: discoverServices() - address=30:D9:7F:D0:7A:04, connId=9
01-28 09:12:44.341  1650  1931 D BtGatt.GattService: onSearchCompleted() - connId=9, status=0
01-28 09:12:44.346  2199  2199 D SdtDmsServer: BLE monitor google assistant key press(callback auto reconnect):R3AC DT
01-28 09:12:44.348  1650  1931 I bt_bta_gattc: packages/modules/Bluetooth/system/bta/gatt/bta_gattc_cache.cc:1041 bta_gattc_get_gatt_db: bta_gattc_get_gatt_db
01-28 09:12:44.348  1650  1931 D BtGatt.GattService: onGetGattDb() - address=30:D9:7F:D0:7A:04
01-28 09:12:44.348  1650  1931 D BtGatt.GattService: got service with UUID=00001800-0000-1000-8000-00805f9b34fb id: 1
01-28 09:12:44.349  1650  1931 D BtGatt.GattService: got characteristic with UUID=00002a00-0000-1000-8000-00805f9b34fb id: 3
01-28 09:12:44.349  1650  1931 D BtGatt.GattService: got characteristic with UUID=00002a01-0000-1000-8000-00805f9b34fb id: 5
01-28 09:12:44.349  1650  1931 D BtGatt.GattService: got characteristic with UUID=00002a04-0000-1000-8000-00805f9b34fb id: 7
01-28 09:12:44.349  1650  1931 D BtGatt.GattService: got service with UUID=00001801-0000-1000-8000-00805f9b34fb id: 8
01-28 09:12:44.349  1650  1931 D BtGatt.GattService: got characteristic with UUID=00002a05-0000-1000-8000-00805f9b34fb id: 10
01-28 09:12:44.349  1650  1931 D BtGatt.GattService: got descriptor with UUID=00002902-0000-1000-8000-00805f9b34fb id: 11
01-28 09:12:44.349  1650  1931 D BtGatt.GattService: got service with UUID=0000180a-0000-1000-8000-00805f9b34fb id: 12
01-28 09:12:44.349  1650  1931 D BtGatt.GattService: got characteristic with UUID=00002a23-0000-1000-8000-00805f9b34fb id: 14
01-28 09:12:44.349  1650  1931 D BtGatt.GattService: got characteristic with UUID=00002a24-0000-1000-8000-00805f9b34fb id: 16
01-28 09:12:44.349  1650  1931 D BtGatt.GattService: got characteristic with UUID=00002a25-0000-1000-8000-00805f9b34fb id: 18
01-28 09:12:44.349  1650  1931 D BtGatt.GattService: got characteristic with UUID=00002a26-0000-1000-8000-00805f9b34fb id: 20
01-28 09:12:44.349  1650  1931 D BtGatt.GattService: got characteristic with UUID=00002a27-0000-1000-8000-00805f9b34fb id: 22
01-28 09:12:44.349  1650  1931 D BtGatt.GattService: got characteristic with UUID=00002a28-0000-1000-8000-00805f9b34fb id: 24
01-28 09:12:44.349  1650  1931 D BtGatt.GattService: got characteristic with UUID=00002a29-0000-1000-8000-00805f9b34fb id: 26
01-28 09:12:44.349  1650  1931 D BtGatt.GattService: got characteristic with UUID=00002a50-0000-1000-8000-00805f9b34fb id: 28
01-28 09:12:44.349  1650  1931 D BtGatt.GattService: got service with UUID=0000180f-0000-1000-8000-00805f9b34fb id: 29
01-28 09:12:44.349  1650  1931 D BtGatt.GattService: got characteristic with UUID=00002a19-0000-1000-8000-00805f9b34fb id: 31
01-28 09:12:44.349  1650  1931 D BtGatt.GattService: got descriptor with UUID=00002902-0000-1000-8000-00805f9b34fb id: 32
01-28 09:12:44.349  1650  1931 D BtGatt.GattService: got service with UUID=00001812-0000-1000-8000-00805f9b34fb id: 33
01-28 09:12:44.349  1650  1931 D BtGatt.GattService: got characteristic with UUID=00002a4a-0000-1000-8000-00805f9b34fb id: 35
01-28 09:12:44.349  1650  1931 D BtGatt.GattService: got characteristic with UUID=00002a4c-0000-1000-8000-00805f9b34fb id: 37
01-28 09:12:44.349  1650  1931 D BtGatt.GattService: got characteristic with UUID=00002a4e-0000-1000-8000-00805f9b34fb id: 39
01-28 09:12:44.349  1650  1931 D BtGatt.GattService: got characteristic with UUID=00002a4b-0000-1000-8000-00805f9b34fb id: 41
01-28 09:12:44.349  1650  1931 D BtGatt.GattService: got descriptor with UUID=00002907-0000-1000-8000-00805f9b34fb id: 42
01-28 09:12:44.349  1650  1931 D BtGatt.GattService: got characteristic with UUID=00002a22-0000-1000-8000-00805f9b34fb id: 44
01-28 09:12:44.349  1650  1931 D BtGatt.GattService: got descriptor with UUID=00002902-0000-1000-8000-00805f9b34fb id: 45
01-28 09:12:44.349  1650  1931 D BtGatt.GattService: got characteristic with UUID=00002a32-0000-1000-8000-00805f9b34fb id: 47
01-28 09:12:44.350  1650  1931 D BtGatt.GattService: got characteristic with UUID=00002a4d-0000-1000-8000-00805f9b34fb id: 49
01-28 09:12:44.350  1650  1931 D BtGatt.GattService: got descriptor with UUID=00002902-0000-1000-8000-00805f9b34fb id: 50
01-28 09:12:44.350  1650  1931 D BtGatt.GattService: got descriptor with UUID=00002908-0000-1000-8000-00805f9b34fb id: 51
01-28 09:12:44.350  1650  1931 D BtGatt.GattService: got characteristic with UUID=00002a4d-0000-1000-8000-00805f9b34fb id: 53
01-28 09:12:44.350  1650  1931 D BtGatt.GattService: got descriptor with UUID=00002902-0000-1000-8000-00805f9b34fb id: 54
01-28 09:12:44.350  1650  1931 D BtGatt.GattService: got descriptor with UUID=00002908-0000-1000-8000-00805f9b34fb id: 55
01-28 09:12:44.350  1650  1931 D BtGatt.GattService: got service with UUID=ab5e0001-5a21-4f05-bc7d-af01f617b664 id: 56
01-28 09:12:44.350  1650  1931 D BtGatt.GattService: got characteristic with UUID=ab5e0002-5a21-4f05-bc7d-af01f617b664 id: 58
01-28 09:12:44.350  1650  1931 D BtGatt.GattService: got characteristic with UUID=ab5e0003-5a21-4f05-bc7d-af01f617b664 id: 60
01-28 09:12:44.350  1650  1931 D BtGatt.GattService: got descriptor with UUID=00002902-0000-1000-8000-00805f9b34fb id: 61
01-28 09:12:44.350  1650  1931 D BtGatt.GattService: got characteristic with UUID=ab5e0004-5a21-4f05-bc7d-af01f617b664 id: 63
01-28 09:12:44.350  1650  1931 D BtGatt.GattService: got descriptor with UUID=00002902-0000-1000-8000-00805f9b34fb id: 64
01-28 09:12:44.350  1650  1931 D BtGatt.GattService: got service with UUID=f00db000-2009-d00d-2019-f0d1d0badbed id: 65
01-28 09:12:44.350  1650  1931 D BtGatt.GattService: got characteristic with UUID=f00db001-2009-d00d-2019-f0d1d0badbed id: 67
01-28 09:12:44.350  1650  1931 D BtGatt.GattService: got descriptor with UUID=00002902-0000-1000-8000-00805f9b34fb id: 68
01-28 09:12:44.351  1650  1931 D BtGatt.GattService: got characteristic with UUID=f00db002-2009-d00d-2019-f0d1d0badbed id: 70
01-28 09:12:44.359  1650  1931 D BtGatt.GattService: got descriptor with UUID=00002902-0000-1000-8000-00805f9b34fb id: 71
01-28 09:12:44.359  1650  1931 D BtGatt.GattService: got service with UUID=f00da000-2009-d00d-2019-f0d1d0badbed id: 72
01-28 09:12:44.359  1650  1931 D BtGatt.GattService: got characteristic with UUID=f00da001-2009-d00d-2019-f0d1d0badbed id: 74
01-28 09:12:44.359  1650  1931 D BtGatt.GattService: got characteristic with UUID=f00da002-2009-d00d-2019-f0d1d0badbed id: 76
01-28 09:12:44.359  1650  1931 D BtGatt.GattService: got descriptor with UUID=00002902-0000-1000-8000-00805f9b34fb id: 77
01-28 09:12:44.359  1650  1931 D BtGatt.GattService: got service with UUID=f00d0000-2009-d00d-2019-f0d1d0badbed id: 78
01-28 09:12:44.359  1650  1931 D BtGatt.GattService: got characteristic with UUID=f00d0001-2009-d00d-2019-f0d1d0badbed id: 80
01-28 09:12:44.359  1650  1931 D BtGatt.GattService: got characteristic with UUID=f00d0002-2009-d00d-2019-f0d1d0badbed id: 82
01-28 09:12:44.359  1650  1931 D BtGatt.GattService: got descriptor with UUID=00002902-0000-1000-8000-00805f9b34fb id: 83
01-28 09:12:44.359  1650  1931 D BtGatt.GattService: got characteristic with UUID=f00d0003-2009-d00d-2019-f0d1d0badbed id: 85
01-28 09:12:44.359  1650  1931 D BtGatt.GattService: got descriptor with UUID=00002902-0000-1000-8000-00805f9b34fb id: 86
01-28 09:12:44.359  1650  1931 D BtGatt.GattService: got characteristic with UUID=f00d0004-2009-d00d-2019-f0d1d0badbed id: 88
01-28 09:12:44.360  1650  1931 D BtGatt.GattService: got descriptor with UUID=00002902-0000-1000-8000-00805f9b34fb id: 89
01-28 09:12:44.361  5978  5992 D BluetoothGatt: onSearchComplete() = Device=30:D9:7F:D0:7A:04 Status=0
01-28 09:12:44.362  1868  9605 I Nearby  : is blocked device type false, isAuto=false, isIot=false, isLatchsky=false, isChinaWearable=false, isTv=false, isWearable=false (supportWearOs=false), isChromeOsDevice=false (supportChromeOs=false) [CONTEXT service_id=49 ]
01-28 09:12:44.362  5978  5992 I pt.multiverso.tech4home: 00001800-0000-1000-8000-00805f9b34fb
01-28 09:12:44.362  5978  5992 I pt.multiverso.tech4home:  > 00001800-0000-1000-8000-00805f9b34fb
01-28 09:12:44.363  5978  5992 I pt.multiverso.tech4home: 	--> Write type: 2
01-28 09:12:44.364  5978  5992 I pt.multiverso.tech4home:  > 00001800-0000-1000-8000-00805f9b34fb
01-28 09:12:44.364  5978  5992 I pt.multiverso.tech4home: 	--> Write type: 2
01-28 09:12:44.364  5978  5992 I pt.multiverso.tech4home:  > 00001800-0000-1000-8000-00805f9b34fb
01-28 09:12:44.364  5978  5992 I pt.multiverso.tech4home: 	--> Write type: 2
01-28 09:12:44.364  5978  5992 I pt.multiverso.tech4home: 00001801-0000-1000-8000-00805f9b34fb
01-28 09:12:44.364  5978  5992 I pt.multiverso.tech4home:  > 00001801-0000-1000-8000-00805f9b34fb
01-28 09:12:44.364  5978  5992 I pt.multiverso.tech4home: 	--> Write type: 2
01-28 09:12:44.364  5978  5992 I pt.multiverso.tech4home: 0000180a-0000-1000-8000-00805f9b34fb
01-28 09:12:44.364  5978  5992 I pt.multiverso.tech4home:  > 0000180a-0000-1000-8000-00805f9b34fb
01-28 09:12:44.364  5978  5992 I pt.multiverso.tech4home: 	--> Write type: 2
01-28 09:12:44.364  5978  5992 I pt.multiverso.tech4home:  > 0000180a-0000-1000-8000-00805f9b34fb
01-28 09:12:44.364  5978  5992 I pt.multiverso.tech4home: 	--> Write type: 2
01-28 09:12:44.364  5978  5992 I pt.multiverso.tech4home:  > 0000180a-0000-1000-8000-00805f9b34fb
01-28 09:12:44.364  5978  5992 I pt.multiverso.tech4home: 	--> Write type: 2
01-28 09:12:44.365  5978  5992 I pt.multiverso.tech4home:  > 0000180a-0000-1000-8000-00805f9b34fb
01-28 09:12:44.365  5978  5992 I pt.multiverso.tech4home: 	--> Write type: 2
01-28 09:12:44.365  5978  5992 I pt.multiverso.tech4home:  > 0000180a-0000-1000-8000-00805f9b34fb
01-28 09:12:44.365  5978  5992 I pt.multiverso.tech4home: 	--> Write type: 2
01-28 09:12:44.365  5978  5992 I pt.multiverso.tech4home:  > 0000180a-0000-1000-8000-00805f9b34fb
01-28 09:12:44.365  5978  5992 I pt.multiverso.tech4home: 	--> Write type: 2
01-28 09:12:44.365  5978  5992 I pt.multiverso.tech4home:  > 0000180a-0000-1000-8000-00805f9b34fb
01-28 09:12:44.365  5978  5992 I pt.multiverso.tech4home: 	--> Write type: 2
01-28 09:12:44.365  5978  5992 I pt.multiverso.tech4home:  > 0000180a-0000-1000-8000-00805f9b34fb
01-28 09:12:44.365  5978  5992 I pt.multiverso.tech4home: 	--> Write type: 2
01-28 09:12:44.365  5978  5992 I pt.multiverso.tech4home: 0000180f-0000-1000-8000-00805f9b34fb
01-28 09:12:44.365  5978  5992 I pt.multiverso.tech4home:  > 0000180f-0000-1000-8000-00805f9b34fb
01-28 09:12:44.365  5978  5992 I pt.multiverso.tech4home: 	--> Write type: 2
01-28 09:12:44.365  5978  5992 I pt.multiverso.tech4home: 00001812-0000-1000-8000-00805f9b34fb
01-28 09:12:44.365  5978  5992 I pt.multiverso.tech4home:  > 00001812-0000-1000-8000-00805f9b34fb
01-28 09:12:44.365  5978  5992 I pt.multiverso.tech4home: 	--> Write type: 2
01-28 09:12:44.365  5978  5992 I pt.multiverso.tech4home:  > 00001812-0000-1000-8000-00805f9b34fb
01-28 09:12:44.365  5978  5992 I pt.multiverso.tech4home: 	--> Write type: 1
01-28 09:12:44.365  5978  5992 I pt.multiverso.tech4home:  > 00001812-0000-1000-8000-00805f9b34fb
01-28 09:12:44.365  5978  5992 I pt.multiverso.tech4home: 	--> Write type: 1
01-28 09:12:44.365  5978  5992 I pt.multiverso.tech4home:  > 00001812-0000-1000-8000-00805f9b34fb
01-28 09:12:44.365  5978  5992 I pt.multiverso.tech4home: 	--> Write type: 2
01-28 09:12:44.366  5978  5992 I pt.multiverso.tech4home:  > 00001812-0000-1000-8000-00805f9b34fb
01-28 09:12:44.366  5978  5992 I pt.multiverso.tech4home: 	--> Write type: 2
01-28 09:12:44.366  5978  5992 I pt.multiverso.tech4home:  > 00001812-0000-1000-8000-00805f9b34fb
01-28 09:12:44.366  5978  5992 I pt.multiverso.tech4home: 	--> Write type: 1
01-28 09:12:44.366  5978  5992 I pt.multiverso.tech4home:  > 00001812-0000-1000-8000-00805f9b34fb
01-28 09:12:44.366  5978  5992 I pt.multiverso.tech4home: 	--> Write type: 2
01-28 09:12:44.366  5978  5992 I pt.multiverso.tech4home:  > 00001812-0000-1000-8000-00805f9b34fb
01-28 09:12:44.366  5978  5992 I pt.multiverso.tech4home: 	--> Write type: 2
01-28 09:12:44.366  5978  5992 I pt.multiverso.tech4home: ab5e0001-5a21-4f05-bc7d-af01f617b664
01-28 09:12:44.366  5978  5992 I pt.multiverso.tech4home:  > ab5e0001-5a21-4f05-bc7d-af01f617b664
01-28 09:12:44.366  5978  5992 I pt.multiverso.tech4home: 	--> Write type: 1
01-28 09:12:44.366  5978  5992 I pt.multiverso.tech4home:  > ab5e0001-5a21-4f05-bc7d-af01f617b664
01-28 09:12:44.366  5978  5992 I pt.multiverso.tech4home: 	--> Write type: 2
01-28 09:12:44.366  5978  5992 I pt.multiverso.tech4home:  > ab5e0001-5a21-4f05-bc7d-af01f617b664
01-28 09:12:44.366  5978  5992 I pt.multiverso.tech4home: 	--> Write type: 2
01-28 09:12:44.366  5978  5992 I pt.multiverso.tech4home: f00db000-2009-d00d-2019-f0d1d0badbed
01-28 09:12:44.366  5978  5992 I pt.multiverso.tech4home:  > f00db000-2009-d00d-2019-f0d1d0badbed
01-28 09:12:44.366  5978  5992 I pt.multiverso.tech4home: 	--> Write type: 1
01-28 09:12:44.366  5978  5992 I pt.multiverso.tech4home:  > f00db000-2009-d00d-2019-f0d1d0badbed
01-28 09:12:44.366  5978  5992 I pt.multiverso.tech4home: 	--> Write type: 2
01-28 09:12:44.366  5978  5992 I pt.multiverso.tech4home: f00da000-2009-d00d-2019-f0d1d0badbed
01-28 09:12:44.366  5978  5992 I pt.multiverso.tech4home:  > f00da000-2009-d00d-2019-f0d1d0badbed
01-28 09:12:44.366  5978  5992 I pt.multiverso.tech4home: 	--> Write type: 1
01-28 09:12:44.366  5978  5992 I pt.multiverso.tech4home:  > f00da000-2009-d00d-2019-f0d1d0badbed
01-28 09:12:44.366  5978  5992 I pt.multiverso.tech4home: 	--> Write type: 2
01-28 09:12:44.366  5978  5992 I pt.multiverso.tech4home: f00d0000-2009-d00d-2019-f0d1d0badbed
01-28 09:12:44.367  5978  5992 I pt.multiverso.tech4home:  > f00d0000-2009-d00d-2019-f0d1d0badbed
01-28 09:12:44.367  5978  5992 I pt.multiverso.tech4home: 	--> Write type: 1
01-28 09:12:44.367  5978  5992 I pt.multiverso.tech4home:  > f00d0000-2009-d00d-2019-f0d1d0badbed
01-28 09:12:44.367  5978  5992 I pt.multiverso.tech4home: 	--> Write type: 1
01-28 09:12:44.367  5978  5992 I pt.multiverso.tech4home:  > f00d0000-2009-d00d-2019-f0d1d0badbed
01-28 09:12:44.367  5978  5992 I pt.multiverso.tech4home: 	--> Write type: 1
01-28 09:12:44.367  5978  5992 I pt.multiverso.tech4home:  > f00d0000-2009-d00d-2019-f0d1d0badbed
01-28 09:12:44.367  5978  5992 I pt.multiverso.tech4home: 	--> Write type: 1
01-28 09:12:44.367  5978  5992 E pt.multiverso.tech4home: Requesting hw revision string
01-28 09:12:44.367  5978  5992 E pt.multiverso.tech4home: pt.tech4home.dtaudiosample.t4hdevicestatuslistener - onServicesDiscovered
01-28 09:12:44.367  1868  1868 I NearbyDiscovery: DiscoveryService onStartCommand action: android.bluetooth.device.action.ACL_CONNECTED [CONTEXT service_id=265 ]
01-28 09:12:44.368  1666  8811 D t4h_rcupair: [DEBUG] | [ 01-28 01:12:44.367 : 66: R3T4HPairService.java:593 ] - IT4HDeviceStatusListener onServicesDiscovered
01-28 09:12:44.368  5978  5992 E PENDING : Have 6 pending requests.
01-28 09:12:44.368  5978  5992 E PENDING : ======================================
01-28 09:12:44.368  5978  5992 E QUEUE   : Have 6 requests in queue
01-28 09:12:44.368  5978  5992 W pt.multiverso.tech4home: Requests pt.multiverso.t4hblelibrary.requests.T4HDeviceEnableNotificationRequest@173c0be
01-28 09:12:44.368  5978  5992 W pt.multiverso.tech4home: Requests pt.multiverso.t4hblelibrary.requests.T4HDeviceFirmwareRequest@3f7251f
01-28 09:12:44.368  5978  5992 W pt.multiverso.tech4home: Requests pt.multiverso.t4hblelibrary.requests.T4HDeviceMTURequest@284706c
01-28 09:12:44.368  5978  5992 W pt.multiverso.tech4home: Requests pt.multiverso.t4hblelibrary.requests.T4HDeviceSystemIDRequest@c2cf635
01-28 09:12:44.368  5978  5992 W pt.multiverso.tech4home: Requests pt.multiverso.t4hblelibrary.requests.T4HDeviceGetHardwareRevisionStringRequest@4272aca
01-28 09:12:44.368  5978  5992 W pt.multiverso.tech4home: Requests pt.multiverso.t4hblelibrary.requests.T4HDeviceSetAPICommunicationRequest@5f2f43b
01-28 09:12:44.368  1868  1868 I NearbyDiscovery: onAclChange: state=CONNECTED, mac=XX:XX:XX:XX:7A:04 [CONTEXT service_id=265 ]
01-28 09:12:44.369  5978  5992 D pt.multiverso.tech4home: Will execute a pt.multiverso.t4hblelibrary.requests.T4HDeviceEnableNotificationRequest
01-28 09:12:44.369  5978  5992 D BluetoothGatt: setCharacteristicNotification() - uuid: f00da002-2009-d00d-2019-f0d1d0badbed enable: true
01-28 09:12:44.369  1868  3416 I NearbyDiscovery: FastPair: lock scan rate if needed, mac=XX:XX:XX:XX:7A:04, bondState=12 [CONTEXT service_id=265 ]
01-28 09:12:44.370  1650  2284 D BtGatt.GattService: registerForNotification() - address=30:D9:7F:D0:7A:04 enable: true
01-28 09:12:44.371  1868  3416 I NearbyDiscovery: FastPairScanner: isScreenOn=true, isLocationEnabled=true, disableLocationRequirement=true, isDiscoveryScanningEnabled=true, during24GhzWifiWarmingUpPeriod=false [CONTEXT service_id=265 ]
01-28 09:12:44.371  1868  3416 D BluetoothAdapter: isLeEnabled(): ON
01-28 09:12:44.371  1868  3416 I NearbyDiscovery: FastPairScanner: eventType=DOWNGRADE_FOR_ACL_CONNECTED, intReq=false, scanning=true, scanAllowed=true, bleEnabled=true, lockScanRate=false, startScanningByLowPowerMode=false [CONTEXT service_id=265 ]
01-28 09:12:44.372  1868  3416 I NearbyDiscovery: FastPairScanner: Already in LOW_POWER_SCANNING scanning [CONTEXT service_id=265 ]
01-28 09:12:44.372  1868  3416 I NearbyDiscovery: FastPairScanner: set recover event type, from=INTERNAL_DOWNGRADE_SCAN, to=INTERNAL_DOWNGRADE_SCAN [CONTEXT service_id=265 ]
01-28 09:12:44.372  1868  3416 I NearbyDiscovery: FastPairScanner: LockScanRateResult isn't UNLOCK but handled [CONTEXT service_id=265 ]
01-28 09:12:44.372  1650  1931 D BtGatt.GattService: onRegisterForNotifications() - address=null, status=0, registered=1, handle=76
01-28 09:12:44.375  1666  1666 D t4h_rcupair: [DEBUG] | [ 01-28 01:12:44.375 : 2: BluetoothRemoteApplication.java:111 ] - ACTION_ACL_CONNECTED! device.getName()=R3AC DT
01-28 09:12:44.378   425   532 I audio_hw_hal_alsamgr: alsa format =0x1 delay frames =1024 total frames=66688000
01-28 09:12:44.378  1650  1753 W bt_bta_dm: packages/modules/Bluetooth/system/bta/dm/bta_dm_act.cc:3503 bta_dm_encrypt_cback: Encrypted link peer:xx:xx:xx:xx:7a:04 transport:BT_TRANSPORT_LE status:BTM_SUCCESS callback:T
01-28 09:12:44.378  1650  1753 W smp_act : packages/modules/Bluetooth/system/stack/smp/smp_act.cc:2097 smp_link_encrypted: SMP state machine busy so skipping encryption enable:1 device:xx:xx:xx:xx:7a:04
01-28 09:12:44.378  1650  1753 I bluetooth: packages/modules/Bluetooth/system/stack/eatt/eatt_impl.h:1008 connect: Device xx:xx:xx:xx:7a:04, role central
01-28 09:12:44.379  1650  1753 E bt_stack: [ERROR:bta_gattc_api.cc(760)] BTA_GATTC_DeregisterForNotifications registration not found bd_addr=xx:xx:xx:xx:7a:04
01-28 09:12:44.379  1650  1753 I bluetooth: packages/modules/Bluetooth/system/stack/gatt/gatt_main.cc:405 gatt_update_app_use_link_flag: disable link idle timer for xx:xx:xx:xx:7a:04
01-28 09:12:44.379  1650  1753 I bt_stack: [INFO:l2c_api.cc(1630)] L2CA_MarkLeLinkAsActivesetting link to 30:d9:7f:d0:7a:04 as active
01-28 09:12:44.379  1650  1753 I bluetooth: packages/modules/Bluetooth/system/stack/gatt/gatt_api.cc:1206 GATT_SetIdleTimeout: idle_timeout=65535, is_active=1, status=1 (1-OK 0-not performed)
01-28 09:12:44.379  1650  1753 I bluetooth: packages/modules/Bluetooth/system/stack/gatt/gatt_sr.cc:857 gatts_process_mtu_req: MTU 160 request from remote (30:d9:7f:d0:7a:04), resulted MTU 160
01-28 09:12:44.379  1650  1753 I bt_btm_ble: packages/modules/Bluetooth/system/stack/btm/btm_ble.cc:619 BTM_SetBleDataLength: xx:xx:xx:xx:7a:04, 164
01-28 09:12:44.379  1650  1753 W bt_stack: [WARNING:gatt_utils.cc(839)] Call back not found for application conn_id=3
01-28 09:12:44.379  1650  1753 W bt_stack: [WARNING:gatt_utils.cc(839)] Call back not found for application conn_id=4
01-28 09:12:44.379  1650  1753 W bt_stack: [WARNING:gatt_utils.cc(839)] Call back not found for application conn_id=5
01-28 09:12:44.379  1650  1753 W bt_stack: [WARNING:gatt_utils.cc(839)] Call back not found for application conn_id=7
01-28 09:12:44.379  1650  1753 W bt_stack: [WARNING:gatt_utils.cc(839)] Call back not found for application conn_id=9
01-28 09:12:44.380  5978  5992 D pt.multiverso.tech4home: Notifications enabled on f00da002-2009-d00d-2019-f0d1d0badbed of device R3AC DT
01-28 09:12:44.381  1650  1931 I bluetooth: packages/modules/Bluetooth/system/btif/co/bta_hh_co.cc:418 bta_hh_co_open: Found an existing device with the same handle dev_status=2, address=xx:xx:xx:xx:7a:04, attr_mask=0x0000, sub_class=0x00, app_id=255
01-28 09:12:44.382  1650  1931 I bt_btif_hh: packages/modules/Bluetooth/system/btif/src/btif_hh.cc:483 hh_open_handler: Found device, getting dscp info for handle 16
01-28 09:12:44.382  1650  1650 D BluetoothHidHostService: Connection state XX:XX:XX:XX:7A:04: 0->1
01-28 09:12:44.382  1650  1931 I bt_btif_dm: packages/modules/Bluetooth/system/btif/src/btif_dm.cc:500 get_cod: get_cod remote_cod = 0x0000050c
01-28 09:12:44.382  1650  1931 I bt_btif_dm: packages/modules/Bluetooth/system/btif/src/btif_dm.cc:500 get_cod: get_cod remote_cod = 0x0000050c
01-28 09:12:44.384  1650  1931 E bt_btif_gattc: packages/modules/Bluetooth/system/btif/src/btif_gatt_client.cc:217 btif_gattc_upstreams_evt: Unhandled event (17)!
01-28 09:12:44.384  1650  1931 E bt_btif_gattc: packages/modules/Bluetooth/system/btif/src/btif_gatt_client.cc:217 btif_gattc_upstreams_evt: Unhandled event (17)!
01-28 09:12:44.384  1650  1931 D BtGatt.GattService: onMtuChanged() - connId=6, mtu=160
01-28 09:12:44.384  1650  1931 D BluetoothGattServer: onMtuChanged() - device=30:D9:7F:D0:7A:04, mtu=160
01-28 09:12:44.384  1650  1931 W bt_btif : packages/modules/Bluetooth/system/main/bte_logmsg.cc:108 LogMsg: btif_hh_upstreams_evt: name = R3AC DT
01-28 09:12:44.384  1650  1931 W bt_btif : packages/modules/Bluetooth/system/main/bte_logmsg.cc:108 LogMsg: bta_hh_co_send_hid_info: fd = 281, name = [R3AC DT], dscp_len = 81
01-28 09:12:44.384  1650  1931 W bt_btif : packages/modules/Bluetooth/system/main/bte_logmsg.cc:108 LogMsg: bta_hh_co_send_hid_info: vendor_id = 0x0217, product_id = 0x0001, version= 0x0111,ctry_code=0x00
01-28 09:12:44.386  1650  1931 W bt_btif : packages/modules/Bluetooth/system/main/bte_logmsg.cc:108 LogMsg: bta_hh_co_send_hid_info: wrote descriptor to fd = 281, dscp_len = 81, result = 0
01-28 09:12:44.386  1650  1931 W bt_stack: [WARNING:btif_hh.cc(509)]  Device xx:xx:xx:xx:7a:04 already added
01-28 09:12:44.386  1650  1931 W bt_btif : packages/modules/Bluetooth/system/main/bte_logmsg.cc:108 LogMsg: btif_hh_upstreams_evt: Device already added services_changed = 0
01-28 09:12:44.405     0     0 I [2 T5172  ..] input: R3AC DT Consumer Control as /devices/virtual/misc/uhid/0005:0217:0001.000D/input/input21
01-28 09:12:44.406     0     0 I         : [2 T5172  ..] hid-generic 0005:0217:0001.000D: input,hidraw0: BLUETOOTH HID v1.11 Device [R3AC DT] on 20:51:f5:34:99:11
01-28 09:12:44.387  1650  1650 D BluetoothHidHostService: Connection state XX:XX:XX:XX:7A:04: 1->2
01-28 09:12:44.393  1479  1534 D CachedBluetoothDevice: onProfileStateChanged: profile HID, device XX:XX:XX:XX:7A:04, newProfileState 1
01-28 09:12:44.393  1479  1534 D BluetoothAdapter: getActiveDevices(profile= A2DP)
01-28 09:12:44.401  1650  1650 D AdapterProperties: PROFILE_CONNECTION_STATE_CHANGE: profile=4, device=XX:XX:XX:XX:7A:04, 0 -> 1
01-28 09:12:44.403   752   896 I EventHub: usingClockIoctl=true
01-28 09:12:44.403   752   896 I EventHub: New device: id=22, fd=429, path='/dev/input/event9', name='R3AC DT Consumer Control', classes=KEYBOARD | DPAD | JOYSTICK | MIC | EXTERNAL, configuration='/vendor/usr/idc/Vendor_0217_Product_0001.idc', keyLayout='/vendor/usr/keylayout/Vendor_0217_Product_0001.kl', keyCharacterMap='/system/usr/keychars/Generic.kcm', builtinKeyboard=false, 
01-28 09:12:44.403   752   896 I InputReader: Device added: id=22, eventHubId=22, name='R3AC DT Consumer Control', descriptor='04c0e9767430cf377d93574f5f96e9b9f773ec28',sources=KEYBOARD | DPAD | JOYSTICK
01-28 09:12:44.407  1681  1681 D CachedBluetoothDevice: onProfileStateChanged: profile HID, device XX:XX:XX:XX:7A:04, newProfileState 1
01-28 09:12:44.407  1681  1681 D BluetoothAdapter: getActiveDevices(profile= A2DP)
01-28 09:12:44.407  3084  3084 D KeyboardService: onInputDeviceAdded
01-28 09:12:44.407  3084  3084 D SetKeyboardLayoutHelper: try to set input device keyboard layout
01-28 09:12:44.409  1650  1650 D AdapterProperties: ADAPTER_CONNECTION_STATE_CHANGE: XX:XX:XX:XX:7A:04: 0 -> 1
01-28 09:12:44.410  1650  2284 I BluetoothAdapterService: getActiveDevices: A2dp device: null
01-28 09:12:44.410  1479  1534 D BluetoothAdapter: getActiveDevices(profile= HEADSET)
01-28 09:12:44.412  2675  2675 I wpa_supplicant: wpa_driver_nl80211_driver_cmd: wifi vendor: rtl8852be
01-28 09:12:44.412  2675  2675 I wpa_supplicant: wpa_driver_nl80211_driver_cmd: wlan0: private command: BTCOEXSCAN-START
01-28 09:12:44.413  1650  1650 D AdapterProperties: PROFILE_CONNECTION_STATE_CHANGE: profile=4, device=XX:XX:XX:XX:7A:04, 1 -> 2
01-28 09:12:44.415  1666  1666 D t4h_rcupair: [DEBUG] | [ 01-28 01:12:44.414 : 2: BluetoothRemoteApplication.java:345 ] - clearPairInfo in + mac is 30:D9:7F:D0:7A:04 bondedDevices size is 1
01-28 09:12:44.415  1650  1650 D AdapterProperties: ADAPTER_CONNECTION_STATE_CHANGE: XX:XX:XX:XX:7A:04: 1 -> 2
01-28 09:12:44.415  1666  1666 D t4h_rcupair: [DEBUG] | [ 01-28 01:12:44.415 : 2: BluetoothRemoteApplication.java:350 ] - clearPairInfo:continue! device.getAddress():30:D9:7F:D0:7A:04
01-28 09:12:44.417  1650  2284 I BluetoothAdapterService: getActiveDevices: A2dp device: null
01-28 09:12:44.418  2675  2675 I wpa_supplicant: wpa_driver_nl80211_driver_cmd: wifi vendor: rtl8852be
01-28 09:12:44.419  2675  2675 I wpa_supplicant: wpa_driver_nl80211_driver_cmd: wlan0: private command: BTCOEXSCAN-START
01-28 09:12:44.419  1681  1681 D BluetoothAdapter: getActiveDevices(profile= HEADSET)
01-28 09:12:44.426  1650  2284 I BluetoothAdapterService: getActiveDevices: Headset device: null
01-28 09:12:44.426  1479  1534 D BluetoothAdapter: getActiveDevices(profile= HEARING_AID)
01-28 09:12:44.430  1650  2284 I BluetoothAdapterService: getActiveDevices: Headset device: null
01-28 09:12:44.430  1681  1681 D BluetoothAdapter: getActiveDevices(profile= HEARING_AID)
01-28 09:12:44.432  1650  2284 I BluetoothAdapterService: getActiveDevices: Hearing Aid devices: Left[null] - Right[null]
01-28 09:12:44.433  1479  1534 D CachedBluetoothDevice: onProfileStateChanged: profile HID, device XX:XX:XX:XX:7A:04, newProfileState 2
01-28 09:12:44.433  1479  1534 D BluetoothAdapter: getActiveDevices(profile= A2DP)
01-28 09:12:44.438  5978  5992 D pt.multiverso.tech4home: Executed a pt.multiverso.t4hblelibrary.requests.T4HDeviceEnableNotificationRequest
01-28 09:12:44.438  5978  5992 E PENDING : Have 5 pending requests.
01-28 09:12:44.438  5978  5992 E PENDING : ======================================
01-28 09:12:44.438  5978  5992 E QUEUE   : Have 5 requests in queue
01-28 09:12:44.438  5978  5992 W pt.multiverso.tech4home: Requests pt.multiverso.t4hblelibrary.requests.T4HDeviceFirmwareRequest@3f7251f
01-28 09:12:44.438  5978  5992 W pt.multiverso.tech4home: Requests pt.multiverso.t4hblelibrary.requests.T4HDeviceMTURequest@284706c
01-28 09:12:44.438  5978  5992 W pt.multiverso.tech4home: Requests pt.multiverso.t4hblelibrary.requests.T4HDeviceSystemIDRequest@c2cf635
01-28 09:12:44.439  5978  5992 W pt.multiverso.tech4home: Requests pt.multiverso.t4hblelibrary.requests.T4HDeviceGetHardwareRevisionStringRequest@4272aca
01-28 09:12:44.439  5978  5992 W pt.multiverso.tech4home: Requests pt.multiverso.t4hblelibrary.requests.T4HDeviceSetAPICommunicationRequest@5f2f43b
01-28 09:12:44.439  5978  5992 D pt.multiverso.tech4home: Will execute a pt.multiverso.t4hblelibrary.requests.T4HDeviceFirmwareRequest
01-28 09:12:44.442  1650  2284 I BluetoothAdapterService: getActiveDevices: Hearing Aid devices: Left[null] - Right[null]
01-28 09:12:44.446  1650  2284 I BluetoothAdapterService: getActiveDevices: A2dp device: null
01-28 09:12:44.448  1479  1534 D BluetoothAdapter: getActiveDevices(profile= HEADSET)
01-28 09:12:44.453  1666  1666 D t4h_rcupair: [DEBUG] | [ 01-28 01:12:44.452 : 2: BluetoothRemoteApplication.java:406 ] - >pid:1666 uid:1000 userId:0 myUserId:0
01-28 09:12:44.455  1666  1666 D t4h_rcupair: [DEBUG] | [ 01-28 01:12:44.454 : 2: Utils.java:126 ] -  isRestricted is false
01-28 09:12:44.456  1666  1666 D t4h_rcupair: [DEBUG] | [ 01-28 01:12:44.456 : 2: BluetoothRemoteApplication.java:57 ] - onReceive action is android.bluetooth.input.profile.action.CONNECTION_STATE_CHANGED
01-28 09:12:44.457  1681  1681 D CachedBluetoothDevice: onProfileStateChanged: profile HID, device XX:XX:XX:XX:7A:04, newProfileState 2
01-28 09:12:44.458  1681  1681 D BluetoothAdapter: getActiveDevices(profile= A2DP)
01-28 09:12:44.465  1650  2730 I BluetoothAdapterService: getActiveDevices: Headset device: null
01-28 09:12:44.466  1479  1534 D BluetoothAdapter: getActiveDevices(profile= HEARING_AID)
01-28 09:12:44.467  1650  1753 I bt_stack: [INFO:eatt_impl.h(888)] supported_features_cb 30:d9:7f:d0:7a:04 is_eatt_supported = 0
01-28 09:12:44.472  1650  2730 I BluetoothAdapterService: getActiveDevices: A2dp device: null
01-28 09:12:44.472  1681  1681 D BluetoothAdapter: getActiveDevices(profile= HEADSET)
01-28 09:12:44.475  1650  2730 I BluetoothAdapterService: getActiveDevices: Hearing Aid devices: Left[null] - Right[null]
01-28 09:12:44.477   617  9588 W adbd    : timed out while waiting for FUNCTIONFS_BIND, trying again
01-28 09:12:44.478   617  9588 I adbd    : UsbFfs: connection terminated: monitor thread finished
01-28 09:12:44.478   617   617 I adbd    : UsbFfs: already offline
01-28 09:12:44.478   617   617 I adbd    : destroying transport UsbFfs
01-28 09:12:44.478   617   617 I adbd    : UsbFfsConnection being destroyed
01-28 09:12:44.479  1666  1666 D t4h_rcupair: [VERBOSE] | [ 01-28 01:12:44.479 : 2: BluetoothRemoteApplication.java:70 ] - mSpecifyDeviceNames:R3AC DT|MagentaTV Remote|MagentaTV Remote 2, device.getName():R3AC DT, device.getAddress():30:D9:7F:D0:7A:04
01-28 09:12:44.479  1666  1666 D t4h_rcupair: [VERBOSE] | [ 01-28 01:12:44.479 : 2: BluetoothRemoteApplication.java:82 ] - connectState:1
01-28 09:12:44.480  1666  1666 D t4h_rcupair: [DEBUG] | [ 01-28 01:12:44.480 : 2: BluetoothRemoteApplication.java:57 ] - onReceive action is android.bluetooth.input.profile.action.CONNECTION_STATE_CHANGED
01-28 09:12:44.485  1650  2284 I BluetoothAdapterService: getActiveDevices: Headset device: null
01-28 09:12:44.485  1681  1681 D BluetoothAdapter: getActiveDevices(profile= HEARING_AID)
01-28 09:12:44.491  1650  2284 I BluetoothAdapterService: getActiveDevices: Hearing Aid devices: Left[null] - Right[null]
01-28 09:12:44.493  1666  1666 D t4h_rcupair: [VERBOSE] | [ 01-28 01:12:44.492 : 2: BluetoothRemoteApplication.java:70 ] - mSpecifyDeviceNames:R3AC DT|MagentaTV Remote|MagentaTV Remote 2, device.getName():R3AC DT, device.getAddress():30:D9:7F:D0:7A:04
01-28 09:12:44.493  1666  1666 D t4h_rcupair: [VERBOSE] | [ 01-28 01:12:44.493 : 2: BluetoothRemoteApplication.java:82 ] - connectState:2
01-28 09:12:44.496  1666  1666 D t4h_rcupair: [VERBOSE] | [ 01-28 01:12:44.496 : 2: BluetoothRemoteApplication.java:84 ] - connected remoteDevice:R3AC DT, DTmac:30:D9:7F:D0:7A:04
01-28 09:12:44.497  5978  5992 D pt.multiverso.tech4home: Data received on 00002a26-0000-1000-8000-00805f9b34fb: 0x30 0x33 0x32 0x30 0x2e 0x30 0x35 0x2e 0x30 0x35 
01-28 09:12:44.498  5978  5992 I pt.multiverso.tech4home: Firmware: 0320.05.05
01-28 09:12:44.498  5978  5992 E PENDING : Have 4 pending requests.
01-28 09:12:44.498  5978  5992 E PENDING : ======================================
01-28 09:12:44.498  5978  5992 D pt.multiverso.tech4home: Executed a pt.multiverso.t4hblelibrary.requests.T4HDeviceFirmwareRequest
01-28 09:12:44.498  5978  5992 E PENDING : Have 4 pending requests.
01-28 09:12:44.498  5978  5992 E PENDING : ======================================
01-28 09:12:44.498  5978  5992 E QUEUE   : Have 4 requests in queue
01-28 09:12:44.498  5978  5992 W pt.multiverso.tech4home: Requests pt.multiverso.t4hblelibrary.requests.T4HDeviceMTURequest@284706c
01-28 09:12:44.498  5978  5992 W pt.multiverso.tech4home: Requests pt.multiverso.t4hblelibrary.requests.T4HDeviceSystemIDRequest@c2cf635
01-28 09:12:44.498  5978  5992 W pt.multiverso.tech4home: Requests pt.multiverso.t4hblelibrary.requests.T4HDeviceGetHardwareRevisionStringRequest@4272aca
01-28 09:12:44.498  5978  5992 W pt.multiverso.tech4home: Requests pt.multiverso.t4hblelibrary.requests.T4HDeviceSetAPICommunicationRequest@5f2f43b
01-28 09:12:44.498  5978  5992 D pt.multiverso.tech4home: Will execute a pt.multiverso.t4hblelibrary.requests.T4HDeviceMTURequest
01-28 09:12:44.498  5978  5992 D BluetoothGatt: configureMTU() - device: XX:XX:XX:XX:7A:04 mtu: 200
01-28 09:12:44.501  1650  2730 D BtGatt.GattService: configureMTU() - address=30:D9:7F:D0:7A:04 mtu=200
01-28 09:12:44.501  1650  1753 I bluetooth: packages/modules/Bluetooth/system/stack/gatt/gatt_api.cc:768 GATTC_TryMtuRequest: 30:d9:7f:d0:7a:04 conn_id=0x0009
01-28 09:12:44.501  1650  1753 I bluetooth: packages/modules/Bluetooth/system/stack/gatt/gatt_api.cc:820 GATTC_UpdateUserAttMtuIfNeeded: xx:xx:xx:xx:7a:04, mtu=200
01-28 09:12:44.501  1650  1753 I bluetooth: packages/modules/Bluetooth/system/stack/gatt/gatt_api.cc:829 GATTC_UpdateUserAttMtuIfNeeded: xx:xx:xx:xx:7a:04, current mtu: 160, max_user_mtu:0, user_mtu: 200
01-28 09:12:44.501  1650  1753 I bluetooth: packages/modules/Bluetooth/system/stack/gatt/gatt_api.cc:832 GATTC_UpdateUserAttMtuIfNeeded: User requested more than what GATT can handle. Trim it.
01-28 09:12:44.501  1650  1753 I bt_btm_ble: packages/modules/Bluetooth/system/stack/btm/btm_ble.cc:619 BTM_SetBleDataLength: xx:xx:xx:xx:7a:04, 160
01-28 09:12:44.501  1650  1753 I bt_btm_ble: packages/modules/Bluetooth/system/stack/btm/btm_ble.cc:634 BTM_SetBleDataLength:  Suggested TX octect already set to controller 164 >= 160
01-28 09:12:44.502  1650  1931 D BtGatt.GattService: onConfigureMTU() address=30:D9:7F:D0:7A:04, status=0, mtu=160
01-28 09:12:44.503  5978  5992 D BluetoothGatt: onConfigureMTU() - Device=30:D9:7F:D0:7A:04 mtu=160 status=0
01-28 09:12:44.503  5978  5992 D pt.multiverso.tech4home: Executed a pt.multiverso.t4hblelibrary.requests.T4HDeviceMTURequest
01-28 09:12:44.504  5978  5992 E PENDING : Have 3 pending requests.
01-28 09:12:44.504  5978  5992 E PENDING : ======================================
01-28 09:12:44.504  5978  5992 E QUEUE   : Have 3 requests in queue
01-28 09:12:44.504  5978  5992 W pt.multiverso.tech4home: Requests pt.multiverso.t4hblelibrary.requests.T4HDeviceSystemIDRequest@c2cf635
01-28 09:12:44.504  5978  5992 W pt.multiverso.tech4home: Requests pt.multiverso.t4hblelibrary.requests.T4HDeviceGetHardwareRevisionStringRequest@4272aca
01-28 09:12:44.504  5978  5992 W pt.multiverso.tech4home: Requests pt.multiverso.t4hblelibrary.requests.T4HDeviceSetAPICommunicationRequest@5f2f43b
01-28 09:12:44.504  5978  5992 D pt.multiverso.tech4home: Will execute a pt.multiverso.t4hblelibrary.requests.T4HDeviceSystemIDRequest
01-28 09:12:44.509  1666  1666 D t4h_rcupair: [DEBUG] | [ 01-28 01:12:44.509 : 2: Utils.java:471 ] - setR3RCUAlias:bondedDevices.size: 1
01-28 09:12:44.511  1666  1666 W libc    : Access denied finding property "ro.vendor.autopair.dtr3.aliasname"
01-28 09:12:44.511  1666  1666 D t4h_rcupair: [VERBOSE] | [ 01-28 01:12:44.511 : 2: Utils.java:452 ] - deviceName:R3AC DT, aliasName:T-Remote 3C
01-28 09:12:44.512  1666  1666 D t4h_rcupair: [DEBUG] | [ 01-28 01:12:44.512 : 2: Utils.java:476 ] - hasSpecifyBondedDevices bonded device:R3AC DT, defaultAlisaName:T-Remote 3C
01-28 09:12:44.516  1666  1666 W libc    : Access denied finding property "ro.vendor.autopair.dtr3.name"
01-28 09:12:44.517  1666  1666 D t4h_rcupair: [VERBOSE] | [ 01-28 01:12:44.517 : 2: R3T4HPairService.java:173 ] - R3T4HPairService onReceive action: action.redo.initialize
01-28 09:12:44.517  1666  1666 D t4h_rcupair: [VERBOSE] | [ 01-28 01:12:44.517 : 2: R3T4HPairService.java:207 ] - action.redo.initialize
01-28 09:12:44.517  1666  1666 D t4h_rcupair: [WARN] | [ 01-28 01:12:44.517 : 2: R3T4HPairService.java:537 ] - initialize deviceAddress=30:D9:7F:D0:7A:04
01-28 09:12:44.519   617   627 I adbd    : opening control endpoint /dev/usb-ffs/adb/ep0
01-28 09:12:44.522   617   627 I adbd    : UsbFfsConnection constructed
01-28 09:12:44.522   617  9608 I adbd    : UsbFfs-monitor thread spawned
01-28 09:12:44.539     0     0 I         : [1 T627   ..] read descriptors
01-28 09:12:44.539     0     0 I         : [1 T627   ..] read strings
01-28 09:12:44.539     0     0 W [2 T1894  ..] udc-core: couldn't find an available UDC or it's busy
01-28 09:12:44.541     0     0 W [1 T1894  ..] udc-core: couldn't find an available UDC or it's busy
01-28 09:12:44.541     0     0 W [1 T1894  ..] udc-core: couldn't find an available UDC or it's busy
01-28 09:12:44.524  1666  1666 D t4h_rcupair: [ERROR] | [ 01-28 01:12:44.524 : 2: R3T4HPairService.java:550 ] - AIDL Package: pt.multiverso.tech4homesoftwaredemo.T4HService
01-28 09:12:44.525  1666  1666 D t4h_rcupair: [ERROR] | [ 01-28 01:12:44.524 : 2: R3T4HPairService.java:551 ] - AIDL Package: pt.tech4home.aidlapp
01-28 09:12:44.525  1666  1666 D t4h_rcupair: [ERROR] | [ 01-28 01:12:44.525 : 2: R3T4HPairService.java:552 ] - AIDL Package: pt.tech4home.aidlapp
01-28 09:12:44.525  1666  1666 D t4h_rcupair: [ERROR] | [ 01-28 01:12:44.525 : 2: R3T4HPairService.java:553 ] - AIDL Package: null
01-28 09:12:44.525  1666  1666 D t4h_rcupair: [DEBUG] | [ 01-28 01:12:44.525 : 2: R3T4HPairService.java:557 ] - initialize serviceConnected=false
01-28 09:12:44.526  1666  1666 W ContextImpl: Calling a method in the system process without a qualified user: android.app.ContextImpl.bindService:1988 android.content.ContextWrapper.bindService:861 com.sdt.dt.czsk.rcupair.r3t4h.R3T4HPairService.initialize:563 com.sdt.dt.czsk.rcupair.r3t4h.R3T4HPairService.access$200:77 com.sdt.dt.czsk.rcupair.r3t4h.R3T4HPairService$1.onReceive:210 
01-28 09:12:44.528  5978  5992 D pt.multiverso.tech4home: Data received on 00002a23-0000-1000-8000-00805f9b34fb: 0x1 0x6 0x0 0x0 0x0 0x0 0x0 0x0 
01-28 09:12:44.528  5978  5992 I pt.multiverso.tech4home: Supports encryption: Yes
01-28 09:12:44.528  5978  5992 I pt.multiverso.tech4home: Supports dynamic OAD: No
01-28 09:12:44.528  5978  5992 I pt.multiverso.tech4home: Supports handshake: Yes
01-28 09:12:44.528  5978  5992 I pt.multiverso.tech4home: Supports freewheel: Yes
01-28 09:12:44.528  5978  5992 I pt.multiverso.tech4home: Supports DAS Cloud: No
01-28 09:12:44.528  5978  5992 E PENDING : Have 2 pending requests.
01-28 09:12:44.528  5978  5992 E PENDING : ======================================
01-28 09:12:44.529  5978  5992 D pt.multiverso.tech4home: Executed a pt.multiverso.t4hblelibrary.requests.T4HDeviceSystemIDRequest
01-28 09:12:44.529  5978  5992 E PENDING : Have 2 pending requests.
01-28 09:12:44.529  5978  5992 E PENDING : ======================================
01-28 09:12:44.529  5978  5992 E QUEUE   : Have 2 requests in queue
01-28 09:12:44.529  5978  5992 W pt.multiverso.tech4home: Requests pt.multiverso.t4hblelibrary.requests.T4HDeviceGetHardwareRevisionStringRequest@4272aca
01-28 09:12:44.529  5978  5992 W pt.multiverso.tech4home: Requests pt.multiverso.t4hblelibrary.requests.T4HDeviceSetAPICommunicationRequest@5f2f43b
01-28 09:12:44.529  5978  5992 D pt.multiverso.tech4home: Will execute a pt.multiverso.t4hblelibrary.requests.T4HDeviceGetHardwareRevisionStringRequest
01-28 09:12:44.530  1666  1666 D t4h_rcupair: [ERROR] | [ 01-28 01:12:44.530 : 2: R3T4HPairService.java:484 ] - onServiceConnected
01-28 09:12:44.531   752  1518 W ActivityManager: Receiver with filter android.content.IntentFilter@a229d70 already registered for pid 5978, callerPackage is pt.tech4home.aidlapp
01-28 09:12:44.533   752  2820 W ActivityManager: Receiver with filter android.content.IntentFilter@15558e9 already registered for pid 5978, callerPackage is pt.tech4home.aidlapp
01-28 09:12:44.533   752  2820 W ActivityManager: Receiver with filter android.content.IntentFilter@fa4096e already registered for pid 5978, callerPackage is pt.tech4home.aidlapp
01-28 09:12:44.534  1666  1666 D t4h_rcupair: [DEBUG] | [ 01-28 01:12:44.534 : 2: R3T4HPairService.java:573 ] - AIDL Initializing
01-28 09:12:44.534  1666  1666 D t4h_rcupair: [ERROR] | [ 01-28 01:12:44.534 : 2: R3T4HPairService.java:574 ] - AIDL Current MAC: 30:D9:7F:D0:7A:04
01-28 09:12:44.535  1666  1666 D t4h_rcupair: [ERROR] | [ 01-28 01:12:44.535 : 2: R3T4HPairService.java:575 ] - AIDL Connecting to device
01-28 09:12:44.539  5978  5993 E T4HDevice: Already exists listener: pt.tech4home.dtaudiosample.t4hdevicestatuslistener
01-28 09:12:44.539  5978  5993 E pt.multiverso.tech4home: Bluetooth GATT is valid. Keeping current value.
01-28 09:12:44.541  1666  1666 D t4h_rcupair: [DEBUG] | [ 01-28 01:12:44.540 : 2: R3T4HPairService.java:583 ] - IT4HDeviceStatusListener onConnected devicename=30:D9:7F:D0:7A:04, initializeServiceConnection=true
01-28 09:12:44.543  1650  1931 D BtGatt.GattService: onServerConnUpdate() - connId=6, status=0
01-28 09:12:44.543  1650  1931 D BluetoothGattServer: onConnectionUpdated() - Device=30:D9:7F:D0:7A:04 interval=9 latency=0 timeout=300 status=0
01-28 09:12:44.543  1650  1931 D BtGatt.GattService: onClientConnUpdate() - connId=7, status=0
01-28 09:12:44.544  1650  1931 D BtGatt.GattService: onClientConnUpdate() - connId=9, status=0
01-28 09:12:44.544  2199  3414 D BluetoothGatt: onConnectionUpdated() - Device=30:D9:7F:D0:7A:04 interval=9 latency=0 timeout=300 status=0
01-28 09:12:44.544  5978  5993 D BluetoothGatt: onConnectionUpdated() - Device=30:D9:7F:D0:7A:04 interval=9 latency=0 timeout=300 status=0
01-28 09:12:44.555  5978  5993 D pt.multiverso.tech4home: Data received on 00002a27-0000-1000-8000-00805f9b34fb: 0x54 0x34 0x48 0x42 0x32 0x34 0x31 0x31 0x33 0x32 0x2d 0x44 0x30 0x32 0x0 0x0 
01-28 09:12:44.555  5978  5993 E pt.multiverso.tech4home: 	 Received hw string: T4HB241132-D02
01-28 09:12:44.555  5978  5993 E PENDING : Have 1 pending requests.
01-28 09:12:44.555  5978  5993 E PENDING : ======================================
01-28 09:12:44.555  5978  5993 D pt.multiverso.tech4home: Executed a pt.multiverso.t4hblelibrary.requests.T4HDeviceGetHardwareRevisionStringRequest
01-28 09:12:44.555  5978  5993 E PENDING : Have 1 pending requests.
01-28 09:12:44.555  5978  5993 E PENDING : ======================================
01-28 09:12:44.555  5978  5993 E QUEUE   : Have 1 requests in queue
01-28 09:12:44.555  5978  5993 W pt.multiverso.tech4home: Requests pt.multiverso.t4hblelibrary.requests.T4HDeviceSetAPICommunicationRequest@5f2f43b
01-28 09:12:44.555  5978  5993 D pt.multiverso.tech4home: Will execute a pt.multiverso.t4hblelibrary.requests.T4HDeviceSetAPICommunicationRequest
01-28 09:12:44.557  1650  2284 D BtGatt.GattService: writeCharacteristic() - trying to acquire permit.
01-28 09:12:44.558  1650  1931 D BtGatt.GattService: onWriteCharacteristic() - increasing permit for address=30:D9:7F:D0:7A:04
01-28 09:12:44.559  5978  5993 W pt.multiverso.tech4home: onCharacteristicWrite callback reached with status equal to 0
01-28 09:12:44.559  5978  5993 D pt.multiverso.tech4home: Executed a pt.multiverso.t4hblelibrary.requests.T4HDeviceSetAPICommunicationRequest
01-28 09:12:44.559  5978  5993 E PENDING : Have 1 pending requests.
01-28 09:12:44.559  5978  5993 E PENDING : ======================================
01-28 09:12:44.559  5978  5993 E QUEUE   : Have 0 requests in queue
01-28 09:12:44.578  6754  9186 D BufferPoolAccessor2.0: bufferpool2 0xbad1cfa8 : 4(32768 size) total buffers - 4(32768 size) used buffers - 0/4 (recycle/alloc) - 25/2026 (fetch/transfer)
01-28 09:12:44.585   437  9482 I VDA     : [0##35]"ServiceDeviceTask INs=832/839, OUTs=829/834"" {IN=7/16, OUT=8/13[kAtAccelerator(0) kAtDevice(5) kAtClient(8)]}"
01-28 09:12:44.593  1666  1666 D t4h_rcupair: [VERBOSE] | [ 01-28 01:12:44.592 : 2: R3T4HPairService.java:173 ] - R3T4HPairService onReceive action: connection.callback.succeeded
01-28 09:12:44.649   425   528 I vaudio_apps: 01-28 09:12:44.649 Nano_DevsEvent(333): list { 'add', 'hidraw0' }
01-28 09:12:44.650   425   525 I vaudio_apps: 01-28 09:12:44.650 Nano_HidrawOpen(1581):<ERROR> Match Dev Fail!!!
01-28 09:12:44.650   425   525 I vaudio_apps: 01-28 09:12:44.650 Nano_EventHandle(240): [0]Device Unkown
01-28 09:12:44.799   752   823 D ActivityManager: sync unfroze 2413 com.google.process.gservices for 10
01-28 09:12:44.804  1819  1819 D AtvRemote.BleDeviceManager: Bluetooth device XX:XX:XX:XX:7A:04 has connected
01-28 09:12:44.815  1819  1819 D BluetoothGatt: connect() - device: XX:XX:XX:XX:7A:04, auto: false
01-28 09:12:44.815  1819  1819 D BluetoothGatt: registerApp()
01-28 09:12:44.816  1819  1819 D BluetoothGatt: registerApp() - UUID=0b279bd5-4fd3-493d-bd18-1123ffc7e48c
01-28 09:12:44.820  1650  2284 D BtGatt.GattService: registerClient() - UUID=0b279bd5-4fd3-493d-bd18-1123ffc7e48c
01-28 09:12:44.822  1650  1753 I bluetooth: packages/modules/Bluetooth/system/stack/gatt/gatt_api.cc:1257 GATT_Register: Allocated name:GattClient uuid:13ccc7ad-885a-b396-d867-b17f9d59c1b0 gatt_if:10 eatt_support:0
01-28 09:12:44.822  1650  1753 I bluetooth: packages/modules/Bluetooth/system/stack/gatt/gatt_api.cc:1371 GATT_StartIf: GATT interface 10 already has connected device xx:xx:xx:xx:7a:04
01-28 09:12:44.822  1650  1753 I bluetooth: packages/modules/Bluetooth/system/stack/gatt/gatt_api.cc:1374 GATT_StartIf: Invoking callback with connection id 10
01-28 09:12:44.822  1650  1753 I bt_bta_gattc: packages/modules/Bluetooth/system/bta/gatt/bta_gattc_act.cc:1358 bta_gattc_conn_cback: Connected client_if:10 addr:xx:xx:xx:xx:7a:04, transport:BT_TRANSPORT_LE reason:GATT_CONN_OK
01-28 09:12:44.822  1650  1753 E bta_gattc_main: packages/modules/Bluetooth/system/bta/gatt/bta_gattc_main.cc:395 bta_gattc_hdl_event: Ignore unknown conn ID: 10
01-28 09:12:44.822  1650  1931 D BtGatt.GattService: onClientRegistered() - UUID=0b279bd5-4fd3-493d-bd18-1123ffc7e48c, clientIf=10
01-28 09:12:44.823  1819  4320 D BluetoothGatt: onClientRegistered() - status=0 clientIf=10
01-28 09:12:44.827  1650  2284 D BtGatt.GattService: clientConnect() - address=30:D9:7F:D0:7A:04, addressType=0, isDirect=true, opportunistic=false, phy=1
01-28 09:12:44.827  1650  2284 D BtGatt.GattService: Gatt Logging: metric_id=4, app_uid=10067
01-28 09:12:44.828  1650  2284 D BtGatt.GattService: Gatt Logging: metric_id=4, session_index=10, connection state=1, connection status=-1
01-28 09:12:44.828  1650  1931 I bt_btif_gattc: packages/modules/Bluetooth/system/btif/src/btif_gatt_client.cc:347 btif_gattc_open_impl: Transport=2, device type=2, address type =0, phy=1
01-28 09:12:44.829  1650  1753 I bluetooth: packages/modules/Bluetooth/system/stack/gatt/gatt_main.cc:394 gatt_update_app_use_link_flag: check_acl_link is false, no need to check
01-28 09:12:44.829  1650  1931 D BtGatt.GattService: onConnected() - clientIf=10, connId=10, address=30:D9:7F:D0:7A:04
01-28 09:12:44.829  1650  1931 D BtGatt.GattService: onConnected() - adding permit for address=30:D9:7F:D0:7A:04
01-28 09:12:44.829  1819  4320 D BluetoothGatt: onClientConnectionState() - status=0 clientIf=10 device=30:D9:7F:D0:7A:04
01-28 09:12:44.829  1819  4320 D BluetoothGatt: discoverServices() - device: XX:XX:XX:XX:7A:04
01-28 09:12:44.830  1650  1931 D BtGatt.GattService: Gatt Logging: metric_id=4, session_index=10, connection state=2, connection status=0
01-28 09:12:44.832  1650  2284 D BtGatt.GattService: discoverServices() - address=30:D9:7F:D0:7A:04, connId=10
01-28 09:12:44.833  1650  1931 D BtGatt.GattService: onSearchCompleted() - connId=10, status=0
01-28 09:12:44.834  1650  1931 I bt_bta_gattc: packages/modules/Bluetooth/system/bta/gatt/bta_gattc_cache.cc:1041 bta_gattc_get_gatt_db: bta_gattc_get_gatt_db
01-28 09:12:44.834  1650  1931 D BtGatt.GattService: onGetGattDb() - address=30:D9:7F:D0:7A:04
01-28 09:12:44.835  1650  1931 D BtGatt.GattService: got service with UUID=00001800-0000-1000-8000-00805f9b34fb id: 1
01-28 09:12:44.835  1650  1931 D BtGatt.GattService: got characteristic with UUID=00002a00-0000-1000-8000-00805f9b34fb id: 3
01-28 09:12:44.835  1650  1931 D BtGatt.GattService: got characteristic with UUID=00002a01-0000-1000-8000-00805f9b34fb id: 5
01-28 09:12:44.835  1650  1931 D BtGatt.GattService: got characteristic with UUID=00002a04-0000-1000-8000-00805f9b34fb id: 7
01-28 09:12:44.835  1650  1931 D BtGatt.GattService: got service with UUID=00001801-0000-1000-8000-00805f9b34fb id: 8
01-28 09:12:44.835  1650  1931 D BtGatt.GattService: got characteristic with UUID=00002a05-0000-1000-8000-00805f9b34fb id: 10
01-28 09:12:44.835  1650  1931 D BtGatt.GattService: got descriptor with UUID=00002902-0000-1000-8000-00805f9b34fb id: 11
01-28 09:12:44.835  1650  1931 D BtGatt.GattService: got service with UUID=0000180a-0000-1000-8000-00805f9b34fb id: 12
01-28 09:12:44.835  1650  1931 D BtGatt.GattService: got characteristic with UUID=00002a23-0000-1000-8000-00805f9b34fb id: 14
01-28 09:12:44.835  1650  1931 D BtGatt.GattService: got characteristic with UUID=00002a24-0000-1000-8000-00805f9b34fb id: 16
01-28 09:12:44.835  1650  1931 D BtGatt.GattService: got characteristic with UUID=00002a25-0000-1000-8000-00805f9b34fb id: 18
01-28 09:12:44.835  1650  1931 D BtGatt.GattService: got characteristic with UUID=00002a26-0000-1000-8000-00805f9b34fb id: 20
01-28 09:12:44.835  1650  1931 D BtGatt.GattService: got characteristic with UUID=00002a27-0000-1000-8000-00805f9b34fb id: 22
01-28 09:12:44.835  1650  1931 D BtGatt.GattService: got characteristic with UUID=00002a28-0000-1000-8000-00805f9b34fb id: 24
01-28 09:12:44.835  1650  1931 D BtGatt.GattService: got characteristic with UUID=00002a29-0000-1000-8000-00805f9b34fb id: 26
01-28 09:12:44.835  1650  1931 D BtGatt.GattService: got characteristic with UUID=00002a50-0000-1000-8000-00805f9b34fb id: 28
01-28 09:12:44.835  1650  1931 D BtGatt.GattService: got service with UUID=0000180f-0000-1000-8000-00805f9b34fb id: 29
01-28 09:12:44.835  1650  1931 D BtGatt.GattService: got characteristic with UUID=00002a19-0000-1000-8000-00805f9b34fb id: 31
01-28 09:12:44.835  1650  1931 D BtGatt.GattService: got descriptor with UUID=00002902-0000-1000-8000-00805f9b34fb id: 32
01-28 09:12:44.835  1650  1931 D BtGatt.GattService: got service with UUID=00001812-0000-1000-8000-00805f9b34fb id: 33
01-28 09:12:44.835  1650  1931 D BtGatt.GattService: got characteristic with UUID=00002a4a-0000-1000-8000-00805f9b34fb id: 35
01-28 09:12:44.835  1650  1931 D BtGatt.GattService: got characteristic with UUID=00002a4c-0000-1000-8000-00805f9b34fb id: 37
01-28 09:12:44.835  1650  1931 D BtGatt.GattService: got characteristic with UUID=00002a4e-0000-1000-8000-00805f9b34fb id: 39
01-28 09:12:44.835  1650  1931 D BtGatt.GattService: got characteristic with UUID=00002a4b-0000-1000-8000-00805f9b34fb id: 41
01-28 09:12:44.835  1650  1931 D BtGatt.GattService: got descriptor with UUID=00002907-0000-1000-8000-00805f9b34fb id: 42
01-28 09:12:44.835  1650  1931 D BtGatt.GattService: got characteristic with UUID=00002a22-0000-1000-8000-00805f9b34fb id: 44
01-28 09:12:44.835  1650  1931 D BtGatt.GattService: got descriptor with UUID=00002902-0000-1000-8000-00805f9b34fb id: 45
01-28 09:12:44.835  1650  1931 D BtGatt.GattService: got characteristic with UUID=00002a32-0000-1000-8000-00805f9b34fb id: 47
01-28 09:12:44.835  1650  1931 D BtGatt.GattService: got characteristic with UUID=00002a4d-0000-1000-8000-00805f9b34fb id: 49
01-28 09:12:44.835  1650  1931 D BtGatt.GattService: got descriptor with UUID=00002902-0000-1000-8000-00805f9b34fb id: 50
01-28 09:12:44.836  1650  1931 D BtGatt.GattService: got descriptor with UUID=00002908-0000-1000-8000-00805f9b34fb id: 51
01-28 09:12:44.836  1650  1931 D BtGatt.GattService: got characteristic with UUID=00002a4d-0000-1000-8000-00805f9b34fb id: 53
01-28 09:12:44.836  1650  1931 D BtGatt.GattService: got descriptor with UUID=00002902-0000-1000-8000-00805f9b34fb id: 54
01-28 09:12:44.836  1650  1931 D BtGatt.GattService: got descriptor with UUID=00002908-0000-1000-8000-00805f9b34fb id: 55
01-28 09:12:44.836  1650  1931 D BtGatt.GattService: got service with UUID=ab5e0001-5a21-4f05-bc7d-af01f617b664 id: 56
01-28 09:12:44.836  1650  1931 D BtGatt.GattService: got characteristic with UUID=ab5e0002-5a21-4f05-bc7d-af01f617b664 id: 58
01-28 09:12:44.836  1650  1931 D BtGatt.GattService: got characteristic with UUID=ab5e0003-5a21-4f05-bc7d-af01f617b664 id: 60
01-28 09:12:44.836  1650  1931 D BtGatt.GattService: got descriptor with UUID=00002902-0000-1000-8000-00805f9b34fb id: 61
01-28 09:12:44.836  1650  1931 D BtGatt.GattService: got characteristic with UUID=ab5e0004-5a21-4f05-bc7d-af01f617b664 id: 63
01-28 09:12:44.836  1650  1931 D BtGatt.GattService: got descriptor with UUID=00002902-0000-1000-8000-00805f9b34fb id: 64
01-28 09:12:44.836  1650  1931 D BtGatt.GattService: got service with UUID=f00db000-2009-d00d-2019-f0d1d0badbed id: 65
01-28 09:12:44.836  1650  1931 D BtGatt.GattService: got characteristic with UUID=f00db001-2009-d00d-2019-f0d1d0badbed id: 67
01-28 09:12:44.836  1650  1931 D BtGatt.GattService: got descriptor with UUID=00002902-0000-1000-8000-00805f9b34fb id: 68
01-28 09:12:44.836  1650  1931 D BtGatt.GattService: got characteristic with UUID=f00db002-2009-d00d-2019-f0d1d0badbed id: 70
01-28 09:12:44.836  1650  1931 D BtGatt.GattService: got descriptor with UUID=00002902-0000-1000-8000-00805f9b34fb id: 71
01-28 09:12:44.836  1650  1931 D BtGatt.GattService: got service with UUID=f00da000-2009-d00d-2019-f0d1d0badbed id: 72
01-28 09:12:44.836  1650  1931 D BtGatt.GattService: got characteristic with UUID=f00da001-2009-d00d-2019-f0d1d0badbed id: 74
01-28 09:12:44.836  1650  1931 D BtGatt.GattService: got characteristic with UUID=f00da002-2009-d00d-2019-f0d1d0badbed id: 76
01-28 09:12:44.836  1650  1931 D BtGatt.GattService: got descriptor with UUID=00002902-0000-1000-8000-00805f9b34fb id: 77
01-28 09:12:44.836  1650  1931 D BtGatt.GattService: got service with UUID=f00d0000-2009-d00d-2019-f0d1d0badbed id: 78
01-28 09:12:44.836  1650  1931 D BtGatt.GattService: got characteristic with UUID=f00d0001-2009-d00d-2019-f0d1d0badbed id: 80
01-28 09:12:44.836  1650  1931 D BtGatt.GattService: got characteristic with UUID=f00d0002-2009-d00d-2019-f0d1d0badbed id: 82
01-28 09:12:44.836  1650  1931 D BtGatt.GattService: got descriptor with UUID=00002902-0000-1000-8000-00805f9b34fb id: 83
01-28 09:12:44.836  1650  1931 D BtGatt.GattService: got characteristic with UUID=f00d0003-2009-d00d-2019-f0d1d0badbed id: 85
01-28 09:12:44.836  1650  1931 D BtGatt.GattService: got descriptor with UUID=00002902-0000-1000-8000-00805f9b34fb id: 86
01-28 09:12:44.836  1650  1931 D BtGatt.GattService: got characteristic with UUID=f00d0004-2009-d00d-2019-f0d1d0badbed id: 88
01-28 09:12:44.836  1650  1931 D BtGatt.GattService: got descriptor with UUID=00002902-0000-1000-8000-00805f9b34fb id: 89
01-28 09:12:44.837  1819  4320 D BluetoothGatt: onSearchComplete() = Device=30:D9:7F:D0:7A:04 Status=0
01-28 09:12:44.837  1819  4320 D BluetoothGatt: setCharacteristicNotification() - uuid: ab5e0004-5a21-4f05-bc7d-af01f617b664 enable: true
01-28 09:12:44.840  1650  2284 D BtGatt.GattService: registerForNotification() - address=30:D9:7F:D0:7A:04 enable: true
01-28 09:12:44.840  1650  1931 D BtGatt.GattService: onRegisterForNotifications() - address=null, status=0, registered=1, handle=63
01-28 09:12:44.841  1819  4320 D BluetoothGatt: setCharacteristicNotification() - uuid: ab5e0003-5a21-4f05-bc7d-af01f617b664 enable: true
01-28 09:12:44.844  1650  2284 D BtGatt.GattService: registerForNotification() - address=30:D9:7F:D0:7A:04 enable: true
01-28 09:12:44.845  1650  1931 D BtGatt.GattService: onRegisterForNotifications() - address=null, status=0, registered=1, handle=60
01-28 09:12:44.845  1819  4320 D BluetoothGatt: setCharacteristicNotification() - uuid: 00002a4d-0000-1000-8000-00805f9b34fb enable: true
01-28 09:12:44.846  1650  2284 D BtGatt.GattService: registerForNotification() - address=30:D9:7F:D0:7A:04 enable: true
01-28 09:12:44.847  1650  1931 D BtGatt.GattService: onRegisterForNotifications() - address=null, status=0, registered=1, handle=49
01-28 09:12:44.847  1819  4320 D BluetoothGatt: setCharacteristicNotification() - uuid: 00002a4d-0000-1000-8000-00805f9b34fb enable: true
01-28 09:12:44.850  1650  2284 D BtGatt.GattService: registerForNotification() - address=30:D9:7F:D0:7A:04 enable: true
01-28 09:12:44.850  1650  1931 D BtGatt.GattService: onRegisterForNotifications() - address=null, status=0, registered=1, handle=53
01-28 09:12:44.850  1819  4320 D AtvRemote.BleDeviceConnection: Skipping CCCD configuration
01-28 09:12:44.851  1819  4320 I AtvRemote.AudioBridgeX: Total number of connected audio devices is 1
01-28 09:12:44.852  1819  4320 W AtvRemote.BleRemoteDevice: Non-legacy assistant mode is allowed
01-28 09:12:44.854  1650  2284 D BtGatt.GattService: writeCharacteristic() - trying to acquire permit.
01-28 09:12:44.854  1650  1931 D BtGatt.GattService: onWriteCharacteristic() - increasing permit for address=30:D9:7F:D0:7A:04
01-28 09:12:44.886  1868  1868 I NearbyDiscovery: onProfileConnectionStateChange: action=android.bluetooth.input.profile.action.CONNECTION_STATE_CHANGED, prevState=STATE_DISCONNECTED, state=STATE_CONNECTING, mac=XX:XX:XX:XX:7A:04 [CONTEXT service_id=265 ]
01-28 09:12:44.887  1868  1868 I NearbyDiscovery: onProfileConnectionStateChange: action=android.bluetooth.input.profile.action.CONNECTION_STATE_CHANGED, prevState=STATE_CONNECTING, state=STATE_CONNECTED, mac=XX:XX:XX:XX:7A:04 [CONTEXT service_id=265 ]
01-28 09:12:44.893  1868  3416 I NearbyDiscovery: FastPairController: DeviceStateManager: addProfile: mac=XX:XX:XX:XX:7A:04, action=android.bluetooth.input.profile.action.CONNECTION_STATE_CHANGED [CONTEXT service_id=265 ]
01-28 09:12:44.897  1868  9456 I NearbyDiscovery: SdpManager: Add cached device, mac=XX:XX:XX:XX:7A:04, forceAdd=false [CONTEXT service_id=265 ]
01-28 09:12:44.898  1868  9456 I NearbyDiscovery: SdpManager: Run task, uuid ready, mac=XX:XX:XX:XX:7A:04 [CONTEXT service_id=265 ]
01-28 09:12:44.899  1868  3416 I NearbyDiscovery: FastPairUtils: isBluetoothDeviceSupportingTargetUuid: Target profile found, profile=00001812-0000-1000-8000-00805f9b34fb, mac=XX:XX:XX:XX:7A:04 [CONTEXT service_id=265 ]
01-28 09:12:44.899  1868  3416 I NearbyDiscovery: FastPairUtils: isBluetoothDeviceSupportingLeUuid: Le profile found, mac=XX:XX:XX:XX:7A:04 [CONTEXT service_id=265 ]
01-28 09:12:44.905  1868  3416 I NearbyDiscovery: FastPairController: selectEventStream: mac=XX:XX:XX:XX:7A:04, retry=false [CONTEXT service_id=265 ]
01-28 09:12:44.909  1868  3416 I NearbyDiscovery: FastPairController: DeviceStateManager: addCsipGroup: lea unavailable, mac=XX:XX:XX:XX:7A:04 [CONTEXT service_id=265 ]
01-28 09:12:44.910  1868  3416 I NearbyDiscovery: FastPairController: addEventStreamInitializationDevice: mac=XX:XX:XX:XX:7A:04, hash=218659586 [CONTEXT service_id=265 ]
01-28 09:12:44.910  1868  3416 I NearbyDiscovery: FastPairEventStream: selectEventStream: start selection, mac=XX:XX:XX:XX:7A:04 [CONTEXT service_id=265 ]
01-28 09:12:44.911   427  1925 D rtk_heartbeat: heartbeat_timed_out: heartbeatCmdCount = 1320, expected nextSeqNum = 1320
01-28 09:12:44.912  1868  3416 I NearbyDiscovery: FastPairController: selectEventStream: use L2CAP, mac=XX:XX:XX:XX:7A:04 [CONTEXT service_id=265 ]
01-28 09:12:44.912   427  1777 D rtk_heartbeat: rtkbt_heartbeat_cmpl_cback: Current SeqNum = 1320,should SeqNum=1320, status = 0
01-28 09:12:44.916  1868  3416 I NearbyDiscovery: FastPairController: shouldCheckPsm: fast pair cache not found, mac=XX:XX:XX:XX:7A:04 [CONTEXT service_id=265 ]
01-28 09:12:44.916  1819  4320 I AtvRemote.Spec: Capability response: v1.0, codecs: 11, frame size: 120, PTT
01-28 09:12:44.916  1868  3416 I NearbyDiscovery: FastPairController: removeEventStreamInitializationDevice: remove ongoing task, mac=XX:XX:XX:XX:7A:04, hash=218659586 [CONTEXT service_id=265 ]
01-28 09:12:45.042  2081  3195 D RcuSetupService: de.telekom.rcusetup is not top activity.
01-28 09:12:45.106   591  9187 D BufferPoolAccessor2.0: bufferpool2 0xf3201d68 : 5(20480 size) total buffers - 1(4096 size) used buffers - 2031/2041 (recycle/alloc) - 26/2040 (fetch/transfer)
01-28 09:12:45.164   425   943 I audio_hw_hal_stream: aml_stream_out_info_print: out:0xe94c39d0, stream_type:pcm, sync_mode:non tunnel, input_size:61489920 bytes
01-28 09:12:45.164   425   943 I audio_hw_hal_stream: aml_stream_out_info_print: last_time:1399395 ms (sec:1399, nsec:395117623), last_position:320110 ms (15365296), cur_time:1399416 ms (sec:1399, nsec:416060957), cur_position:320131 ms (15366320)
01-28 09:12:45.164   425   943 I audio_hw_hal_stream: aml_stream_out_info_print: time_gap:21 ms (thr:100 ms), position_gap:21 ms, delay:128 ms, jitter: Position gap is ahead of system time gap by 0 ms (thr:100 ms)
01-28 09:12:45.217  6754  9449 W MpdParser: Ignoring <ContentProtection> with schemeIdUri="urn:mpeg:dash:mp4protection:2011" (ClearKey) due to missing required default_KID attribute.
01-28 09:12:45.219  6754  9449 W MpdParser: Ignoring <ContentProtection> with schemeIdUri="urn:mpeg:dash:mp4protection:2011" (ClearKey) due to missing required default_KID attribute.
01-28 09:12:45.221  6754  9449 W MpdParser: Ignoring <ContentProtection> with schemeIdUri="urn:mpeg:dash:mp4protection:2011" (ClearKey) due to missing required default_KID attribute.
01-28 09:12:45.225  6754  9449 W MpdParser: Ignoring <ContentProtection> with schemeIdUri="urn:mpeg:dash:mp4protection:2011" (ClearKey) due to missing required default_KID attribute.
01-28 09:12:45.230  6754  9449 W MpdParser: Ignoring <ContentProtection> with schemeIdUri="urn:mpeg:dash:mp4protection:2011" (ClearKey) due to missing required default_KID attribute.
01-28 09:12:45.232  6754  9449 W MpdParser: Ignoring <ContentProtection> with schemeIdUri="urn:mpeg:dash:mp4protection:2011" (ClearKey) due to missing required default_KID attribute.
01-28 09:12:45.524   617  9608 W adbd    : timed out while waiting for FUNCTIONFS_BIND, trying again
01-28 09:12:45.524   617  9608 I adbd    : UsbFfs: connection terminated: monitor thread finished
01-28 09:12:45.524   617   617 I adbd    : UsbFfs: already offline
01-28 09:12:45.525   617   617 I adbd    : destroying transport UsbFfs
01-28 09:12:45.525   617   617 I adbd    : UsbFfsConnection being destroyed
01-28 09:12:45.567   617   627 I adbd    : opening control endpoint /dev/usb-ffs/adb/ep0
01-28 09:12:45.568   617   627 I adbd    : UsbFfsConnection constructed
01-28 09:12:45.587     0     0 I         : [2 T627   ..] read descriptors
01-28 09:12:45.587     0     0 I         : [2 T627   ..] read strings
01-28 09:12:45.587     0     0 W [2 T1894  ..] udc-core: couldn't find an available UDC or it's busy
01-28 09:12:45.587     0     0 W [2 T1894  ..] udc-core: couldn't find an available UDC or it's busy
01-28 09:12:45.588     0     0 W [1 T1894  ..] udc-core: couldn't find an available UDC or it's busy
01-28 09:12:45.588     0     0 W [1 T1894  ..] udc-core: couldn't find an available UDC or it's busy
01-28 09:12:45.569   617  9610 I adbd    : UsbFfs-monitor thread spawned
01-28 09:12:45.585   437  9482 I VDA     : [0##35]"ServiceDeviceTask INs=883/889, OUTs=879/884"" {IN=6/16, OUT=8/13[kAtAccelerator(0) kAtDevice(5) kAtClient(8)]}"
01-28 09:12:45.748  2199  2199 D SdtDmsServer: receive deviceName:R3AC DT Consumer Control
01-28 09:12:45.748  2199  2199 D SdtDmsServer: receive keycode:247
01-28 09:12:45.748  2199  2199 D SdtDmsServer: start bind tata service
01-28 09:12:45.748  2199  2199 E SdtDmsServer: bindService tata service return directly
01-28 09:12:45.748  2199  2199 D SdtDmsServer: add keycode to queue. keycode:{"rcuname":"R3AC DT","key":247}
01-28 09:12:45.911   427  1925 D rtk_heartbeat: heartbeat_timed_out: heartbeatCmdCount = 1321, expected nextSeqNum = 1321
01-28 09:12:45.912   427  1777 D rtk_heartbeat: rtkbt_heartbeat_cmpl_cback: Current SeqNum = 1321,should SeqNum=1321, status = 0
01-28 09:12:46.570   617  9610 W adbd    : timed out while waiting for FUNCTIONFS_BIND, trying again
01-28 09:12:46.570   617  9610 I adbd    : UsbFfs: connection terminated: monitor thread finished
01-28 09:12:46.570   617   617 I adbd    : UsbFfs: already offline
01-28 09:12:46.570   617   617 I adbd    : destroying transport UsbFfs
01-28 09:12:46.570   617   617 I adbd    : UsbFfsConnection being destroyed
01-28 09:12:46.588   437  9482 I VDA     : [0##35]"ServiceDeviceTask INs=933/939, OUTs=930/934"" {IN=6/16, OUT=9/13[kAtAccelerator(0) kAtDevice(4) kAtClient(9)]}"
01-28 09:12:46.607   617   627 I adbd    : opening control endpoint /dev/usb-ffs/adb/ep0
01-28 09:12:46.608   617   627 I adbd    : UsbFfsConnection constructed
01-28 09:12:46.609   617  9611 I adbd    : UsbFfs-monitor thread spawned
01-28 09:12:46.627     0     0 I         : [2 T627   ..] read descriptors
01-28 09:12:46.627     0     0 I         : [2 T627   ..] read strings
01-28 09:12:46.627     0     0 W [1 T1894  ..] udc-core: couldn't find an available UDC or it's busy
01-28 09:12:46.627     0     0 W [1 T1894  ..] udc-core: couldn't find an available UDC or it's busy
01-28 09:12:46.628     0     0 W [3 T1894  ..] udc-core: couldn't find an available UDC or it's busy
01-28 09:12:46.628     0     0 W [3 T1894  ..] udc-core: couldn't find an available UDC or it's busy
01-28 09:12:46.661   399  9612 I resolv  : GetAddrInfoHandler::run: {100 983140 100 983140 1073 1}
01-28 09:12:46.664   399  9613 I resolv  : res_nmkquery: (QUERY, IN, A)
01-28 09:12:46.664   399  9613 I resolv  : resolv_cache_lookup: FOUND IN CACHE entry=0xe9681e70
01-28 09:12:46.664   399  9613 I resolv  : doQuery: rcode=0, ancount=1, return value=48
01-28 09:12:46.667  1627  9589 D TrafficStats: tagSocket(81) with statsTag=0xffffff81, statsUid=-1
01-28 09:12:46.786  6754  9449 W MpdParser: Ignoring <ContentProtection> with schemeIdUri="urn:mpeg:dash:mp4protection:2011" (ClearKey) due to missing required default_KID attribute.
01-28 09:12:46.788  6754  9449 W MpdParser: Ignoring <ContentProtection> with schemeIdUri="urn:mpeg:dash:mp4protection:2011" (ClearKey) due to missing required default_KID attribute.
01-28 09:12:46.790  6754  9449 W MpdParser: Ignoring <ContentProtection> with schemeIdUri="urn:mpeg:dash:mp4protection:2011" (ClearKey) due to missing required default_KID attribute.
01-28 09:12:46.792  6754  9449 W MpdParser: Ignoring <ContentProtection> with schemeIdUri="urn:mpeg:dash:mp4protection:2011" (ClearKey) due to missing required default_KID attribute.
01-28 09:12:46.794  6754  9449 W MpdParser: Ignoring <ContentProtection> with schemeIdUri="urn:mpeg:dash:mp4protection:2011" (ClearKey) due to missing required default_KID attribute.
01-28 09:12:46.797  6754  9449 W MpdParser: Ignoring <ContentProtection> with schemeIdUri="urn:mpeg:dash:mp4protection:2011" (ClearKey) due to missing required default_KID attribute.
01-28 09:12:46.850  2199  2199 D SdtDmsServer: receive deviceName:R3AC DT Consumer Control
01-28 09:12:46.850  2199  2199 D SdtDmsServer: receive keycode:22
01-28 09:12:46.850  2199  2199 D SdtDmsServer: start bind tata service
01-28 09:12:46.850  2199  2199 E SdtDmsServer: bindService tata service return directly
01-28 09:12:46.850  2199  2199 D SdtDmsServer: add keycode to queue. keycode:{"rcuname":"R3AC DT","key":22}
01-28 09:12:46.859   437  9469 I DebugUtil: [0##35]in/out status {INS/OUTS=955(2)/941(0)}, pipeline status {IN=8/8, OUT=6/13[Component(0) Accelerator(7) Client(6)]}
01-28 09:12:46.911   427  1925 D rtk_heartbeat: heartbeat_timed_out: heartbeatCmdCount = 1322, expected nextSeqNum = 1322
01-28 09:12:46.912   427  1777 D rtk_heartbeat: rtkbt_heartbeat_cmpl_cback: Current SeqNum = 1322,should SeqNum=1322, status = 0
01-28 09:12:47.210  1627  9590 D NetworkMonitor/100: PROBE_HTTPS https://www.google.com/generate_204 time=3540ms ret=204 request={Connection=[close], User-Agent=[Mozilla/5.0 (X11; Linux x86_64) AppleWebKit/537.36 (KHTML, like Gecko) Chrome/60.0.3112.32 Safari/537.36]} headers={null=[HTTP/1.1 204 No Content], Alt-Svc=[h3=":443"; ma=2592000,h3-29=":443"; ma=2592000], Connection=[close], Content-Length=[0], Cross-Origin-Resource-Policy=[cross-origin], Date=[Wed, 28 Jan 2026 01:12:46 GMT], X-Android-Received-Millis=[1769562767209], X-Android-Response-Source=[NETWORK 204], X-Android-Selected-Protocol=[http/1.1], X-Android-Sent-Millis=[1769562766965]}
01-28 09:12:47.266  2081  2160 D RcuSetupService: de.telekom.rcusetup is not top activity.
01-28 09:12:47.377  1627  9589 D NetworkMonitor/100: PROBE_FALLBACK http://www.google.com/gen_204 time=718ms ret=204 request={Connection=[close], User-Agent=[Mozilla/5.0 (X11; Linux x86_64) AppleWebKit/537.36 (KHTML, like Gecko) Chrome/60.0.3112.32 Safari/537.36]} headers={null=[HTTP/1.1 204 No Content], Connection=[close], Content-Length=[0], Content-Security-Policy=[object-src 'none';base-uri 'self';script-src 'nonce-b9fpuo3q27CXE1rr6HaekQ' 'strict-dynamic' 'report-sample' 'unsafe-eval' 'unsafe-inline' https: http:;report-uri https://csp.withgoogle.com/csp/gws/other], Content-Type=[text/html; charset=UTF-8], Date=[Wed, 28 Jan 2026 01:12:46 GMT], Permissions-Policy=[unload=()], Server=[gws], X-Android-Received-Millis=[1769562767377], X-Android-Response-Source=[NETWORK 204], X-Android-Selected-Protocol=[http/1.1], X-Android-Sent-Millis=[1769562766683], X-Frame-Options=[SAMEORIGIN], X-XSS-Protection=[0]}
01-28 09:12:47.380  1627  9589 D NetworkMonitor/100: isCaptivePortal: isSuccessful()=true isPortal()=false RedirectUrl=null isPartialConnectivity()=false Time=3722ms
01-28 09:12:47.383   752  1413 D ConnectivityService: [100 ETHERNET] validation passed
01-28 09:12:47.467  1681  1681 I BLE_Service: property persist.support.nano.voice not support
01-28 09:12:47.514  2199  2199 D SdtDmsServer: receive deviceName:R3AC DT Consumer Control
01-28 09:12:47.514  2199  2199 D SdtDmsServer: receive keycode:4
01-28 09:12:47.514  2199  2199 D SdtDmsServer: start bind tata service
01-28 09:12:47.514  2199  2199 E SdtDmsServer: bindService tata service return directly
01-28 09:12:47.514  2199  2199 D SdtDmsServer: add keycode to queue. keycode:{"rcuname":"R3AC DT","key":4}
01-28 09:12:47.595  1666  1666 D t4h_rcupair: [DEBUG] | [ 01-28 01:12:47.595 : 2: R3T4HPairService.java:917 ] - handleMessage message_start_checkBatteryAndFirmware
01-28 09:12:47.598  1666  1666 D t4h_rcupair: [DEBUG] | [ 01-28 01:12:47.598 : 2: Utils.java:410 ] - getR3RCUConnected:bondedDevices.size: 1
01-28 09:12:47.601  1666  1666 D t4h_rcupair: [DEBUG] | [ 01-28 01:12:47.601 : 2: Utils.java:413 ] - getR3RCUConnected bonded device:R3AC DT
01-28 09:12:47.602  1666  1666 D t4h_rcupair: [DEBUG] | [ 01-28 01:12:47.602 : 2: R3T4HPairService.java:921 ] - handleMessage message_start_checkBatteryAndFirmware isDeviceConnected =true
01-28 09:12:47.603  1666  1666 D t4h_rcupair: [DEBUG] | [ 01-28 01:12:47.603 : 2: R3T4HPairService.java:1562 ] - startCheckBatteryAndFirmware isNotificationCreated:true
01-28 09:12:47.605  1666  1666 D t4h_rcupair: [DEBUG] | [ 01-28 01:12:47.604 : 2: R3T4HPairService.java:1143 ] - readFirmware currentRCUAddress is 30:D9:7F:D0:7A:04 serviceConnected is true iRemoteService is null is false
01-28 09:12:47.606  5978  5993 E PENDING : Have 2 pending requests.
01-28 09:12:47.606  5978  5993 E  >      : 	[TIMED OUT] PENDING- pt.multiverso.t4hblelibrary.requests.T4HDeviceSetAPICommunicationRequest
01-28 09:12:47.606  5978  5993 E PENDING : ======================================
01-28 09:12:47.606  5978  5993 E QUEUE   : Have 1 requests in queue
01-28 09:12:47.606  5978  5993 W pt.multiverso.tech4home: Requests pt.multiverso.t4hblelibrary.requests.T4HDeviceFirmwareRequest@f7e2758
01-28 09:12:47.606  5978  5993 D pt.multiverso.tech4home: Will execute a pt.multiverso.t4hblelibrary.requests.T4HDeviceFirmwareRequest
01-28 09:12:47.610   617  9611 W adbd    : timed out while waiting for FUNCTIONFS_BIND, trying again
01-28 09:12:47.610   617  9611 I adbd    : UsbFfs: connection terminated: monitor thread finished
01-28 09:12:47.610   617   617 I adbd    : UsbFfs: already offline
01-28 09:12:47.610   617   617 I adbd    : destroying transport UsbFfs
01-28 09:12:47.610   617   617 I adbd    : UsbFfsConnection being destroyed
01-28 09:12:47.621   437  9482 I VDA     : [0##35]"ServiceDeviceTask INs=985/992, OUTs=980/986"" {IN=7/16, OUT=7/13[kAtAccelerator(0) kAtDevice(6) kAtClient(7)]}"
01-28 09:12:47.636  5978  5992 D pt.multiverso.tech4home: Data received on 00002a26-0000-1000-8000-00805f9b34fb: 0x30 0x33 0x32 0x30 0x2e 0x30 0x35 0x2e 0x30 0x35 
01-28 09:12:47.636  5978  5992 I pt.multiverso.tech4home: Firmware: 0320.05.05
01-28 09:12:47.637  1666  8811 D t4h_rcupair: [DEBUG] | [ 01-28 01:12:47.637 : 66: R3T4HPairService.java:1158 ] - onFirmwareResponse getFirmware=0320.05.05, OADCurrentStatus:32
01-28 09:12:47.639  1666  8811 D t4h_rcupair: [DEBUG] | [ 01-28 01:12:47.639 : 66: Utils.java:141 ] - isRunningActivity top component info is ComponentInfo{de.telekom.magentatv.androidtv/de.telekom.magentatv.androidtv.ApplicationMainActivity}
01-28 09:12:47.640  5978  5992 E PENDING : Have 1 pending requests.
01-28 09:12:47.640  5978  5992 E PENDING : ======================================
01-28 09:12:47.640  5978  5992 D pt.multiverso.tech4home: Executed a pt.multiverso.t4hblelibrary.requests.T4HDeviceFirmwareRequest
01-28 09:12:47.640  5978  5992 E PENDING : Have 1 pending requests.
01-28 09:12:47.640  5978  5992 E PENDING : ======================================
01-28 09:12:47.640  5978  5992 E QUEUE   : Have 1 requests in queue
01-28 09:12:47.640  5978  5992 W pt.multiverso.tech4home: Requests pt.multiverso.t4hblelibrary.requests.T4HDeviceGetIRDBVersionRequest@ec3c0b1
01-28 09:12:47.640  5978  5992 D pt.multiverso.tech4home: Will execute a pt.multiverso.t4hblelibrary.requests.T4HDeviceGetIRDBVersionRequest
01-28 09:12:47.641  1650  2284 D BtGatt.GattService: writeCharacteristic() - trying to acquire permit.
01-28 09:12:47.643  1650  1931 D BtGatt.GattService: onWriteCharacteristic() - increasing permit for address=30:D9:7F:D0:7A:04
01-28 09:12:47.644  5978  5992 W pt.multiverso.tech4home: onCharacteristicWrite callback reached with status equal to 0
01-28 09:12:47.644  5978  5992 D pt.multiverso.tech4home: Executed a pt.multiverso.t4hblelibrary.requests.T4HDeviceGetIRDBVersionRequest
01-28 09:12:47.644  5978  5992 E PENDING : Have 1 pending requests.
01-28 09:12:47.644  5978  5992 E PENDING : ======================================
01-28 09:12:47.644  5978  5992 E QUEUE   : Have 0 requests in queue
01-28 09:12:47.644   617   627 I adbd    : opening control endpoint /dev/usb-ffs/adb/ep0
01-28 09:12:47.645   617   627 I adbd    : UsbFfsConnection constructed
01-28 09:12:47.646   617  9615 I adbd    : UsbFfs-monitor thread spawned
01-28 09:12:47.664     0     0 I         : [1 T627   ..] read descriptors
01-28 09:12:47.664     0     0 I         : [1 T627   ..] read strings
01-28 09:12:47.664     0     0 W [1 T1894  ..] udc-core: couldn't find an available UDC or it's busy
01-28 09:12:47.664     0     0 W [1 T1894  ..] udc-core: couldn't find an available UDC or it's busy
01-28 09:12:47.665     0     0 W [0 T1894  ..] udc-core: couldn't find an available UDC or it's busy
01-28 09:12:47.665     0     0 W [0 T1894  ..] udc-core: couldn't find an available UDC or it's busy
01-28 09:12:47.671  5978  5992 D pt.multiverso.tech4home: Data received on f00da002-2009-d00d-2019-f0d1d0badbed: 0x40 0xffffff8a 0x2 0x0 0x32 0x35 0x30 0x31 0x31 0x31 0x30 0x31 
01-28 09:12:47.672  1666  8811 D t4h_rcupair: [DEBUG] | [ 01-28 01:12:47.671 : 66: R3T4HPairService.java:1408 ] - getIRDBVersion success=true macAddress=30:D9:7F:D0:7A:04 strVersion=25011101
01-28 09:12:47.684  1666  8811 D t4h_rcupair: [DEBUG] | [ 01-28 01:12:47.684 : 66: Utils.java:887 ] - Save UDBVersion to 30:D9:7F:D0:7A:04-25011101
01-28 09:12:47.684  5978  5992 E PENDING : Have 0 pending requests.
01-28 09:12:47.684  5978  5992 E PENDING : ======================================
01-28 09:12:47.911   427  1925 D rtk_heartbeat: heartbeat_timed_out: heartbeatCmdCount = 1323, expected nextSeqNum = 1323
01-28 09:12:47.912   427  1777 D rtk_heartbeat: rtkbt_heartbeat_cmpl_cback: Current SeqNum = 1323,should SeqNum=1323, status = 0
01-28 09:12:48.010  2199  2199 D SdtDmsServer: receive deviceName:R3AC DT Consumer Control
01-28 09:12:48.010  2199  2199 D SdtDmsServer: receive keycode:20
01-28 09:12:48.010  2199  2199 D SdtDmsServer: start bind tata service
01-28 09:12:48.011  2199  2199 E SdtDmsServer: bindService tata service return directly
01-28 09:12:48.011  2199  2199 D SdtDmsServer: add keycode to queue. keycode:{"rcuname":"R3AC DT","key":20}
01-28 09:12:48.047  2081  3195 D RcuSetupService: de.telekom.rcusetup is not top activity.
01-28 09:12:48.131  1650  1931 D BtGatt.GattService: onServerConnUpdate() - connId=6, status=0
01-28 09:12:48.131  1650  1931 D BluetoothGattServer: onConnectionUpdated() - Device=30:D9:7F:D0:7A:04 interval=9 latency=49 timeout=300 status=0
01-28 09:12:48.131  1650  1931 D BtGatt.GattService: onClientConnUpdate() - connId=7, status=0
01-28 09:12:48.131  1650  1931 D BtGatt.GattService: onClientConnUpdate() - connId=9, status=0
01-28 09:12:48.132  1650  1931 D BtGatt.GattService: onClientConnUpdate() - connId=10, status=0
01-28 09:12:48.132  1819  4320 D BluetoothGatt: onConnectionUpdated() - Device=30:D9:7F:D0:7A:04 interval=9 latency=49 timeout=300 status=0
01-28 09:12:48.132  2199  3414 D BluetoothGatt: onConnectionUpdated() - Device=30:D9:7F:D0:7A:04 interval=9 latency=49 timeout=300 status=0
01-28 09:12:48.132  5978  5992 D BluetoothGatt: onConnectionUpdated() - Device=30:D9:7F:D0:7A:04 interval=9 latency=49 timeout=300 status=0
01-28 09:12:48.226  2199  2199 D SdtDmsServer: receive deviceName:R3AC DT Consumer Control
01-28 09:12:48.226  2199  2199 D SdtDmsServer: receive keycode:20
01-28 09:12:48.226  2199  2199 D SdtDmsServer: start bind tata service
01-28 09:12:48.226  2199  2199 E SdtDmsServer: bindService tata service return directly
01-28 09:12:48.226  2199  2199 D SdtDmsServer: add keycode to queue. keycode:{"rcuname":"R3AC DT","key":20}
01-28 09:12:48.436  2199  2199 D SdtDmsServer: receive deviceName:R3AC DT Consumer Control
01-28 09:12:48.436  2199  2199 D SdtDmsServer: receive keycode:20
01-28 09:12:48.436  2199  2199 D SdtDmsServer: start bind tata service
01-28 09:12:48.436  2199  2199 E SdtDmsServer: bindService tata service return directly
01-28 09:12:48.436  2199  2199 D SdtDmsServer: add keycode to queue. keycode:{"rcuname":"R3AC DT","key":20}
01-28 09:12:48.622   437  9482 I VDA     : [0##35]"ServiceDeviceTask INs=1035/1042, OUTs=1031/1036"" {IN=7/16, OUT=8/13[kAtAccelerator(0) kAtDevice(5) kAtClient(8)]}"
01-28 09:12:48.647   617  9615 W adbd    : timed out while waiting for FUNCTIONFS_BIND, trying again
01-28 09:12:48.647   617  9615 I adbd    : UsbFfs: connection terminated: monitor thread finished
01-28 09:12:48.647   617   617 I adbd    : UsbFfs: already offline
01-28 09:12:48.647   617   617 I adbd    : destroying transport UsbFfs
01-28 09:12:48.648   617   617 I adbd    : UsbFfsConnection being destroyed
01-28 09:12:48.679   617   627 I adbd    : opening control endpoint /dev/usb-ffs/adb/ep0
01-28 09:12:48.680   617   627 I adbd    : UsbFfsConnection constructed
01-28 09:12:48.681   617  9617 I adbd    : UsbFfs-monitor thread spawned
01-28 09:12:48.699     0     0 I         : [3 T627   ..] read descriptors
01-28 09:12:48.699     0     0 I         : [3 T627   ..] read strings
01-28 09:12:48.699     0     0 W [2 T1894  ..] udc-core: couldn't find an available UDC or it's busy
01-28 09:12:48.700     0     0 W [3 T1894  ..] udc-core: couldn't find an available UDC or it's busy
01-28 09:12:48.700     0     0 W [3 T1894  ..] udc-core: couldn't find an available UDC or it's busy
01-28 09:12:48.749  6754  9467 D BufferPoolAccessor2.0: bufferpool2 0xbad392c8 : 8(16777216 size) total buffers - 8(16777216 size) used buffers - 0/8 (recycle/alloc) - 8/1050 (fetch/transfer)
01-28 09:12:48.909  2199  2199 D SdtDmsServer: receive deviceName:R3AC DT Consumer Control
01-28 09:12:48.909  2199  2199 D SdtDmsServer: receive keycode:22
01-28 09:12:48.910  2199  2199 D SdtDmsServer: start bind tata service
01-28 09:12:48.910  2199  2199 E SdtDmsServer: bindService tata service return directly
01-28 09:12:48.910  2199  2199 D SdtDmsServer: add keycode to queue. keycode:{"rcuname":"R3AC DT","key":22}
01-28 09:12:48.912   427  1925 D rtk_heartbeat: heartbeat_timed_out: heartbeatCmdCount = 1324, expected nextSeqNum = 1324
01-28 09:12:48.915   427  1777 D rtk_heartbeat: rtkbt_heartbeat_cmpl_cback: Current SeqNum = 1324,should SeqNum=1324, status = 0
01-28 09:12:49.184   425   882 I audio_hw_hal_primary: out_update_source_metadata_v7() line 1752 usage:1 content_type:3
01-28 09:12:49.204   425   943 I audio_hw_hal_primary: [audiohal_get_latency:1045] io 69: out:0xe94c39d0 frames:1024 rate:48000 whole_latency:21 alsa_latency:21
01-28 09:12:49.215   425   943 I audio_hw_hal_primary: [audiohal_get_latency:1045] io 69: out:0xe94c39d0 frames:1024 rate:48000 whole_latency:21 alsa_latency:21
01-28 09:12:49.216   399  9618 I resolv  : GetAddrInfoHandler::run: {100 100 100 983140 10041 0}
01-28 09:12:49.217   399  9619 I resolv  : res_nmkquery: (QUERY, IN, A)
01-28 09:12:49.217   399  9619 I resolv  : resolv_cache_lookup: FOUND IN CACHE entry=0xe92c1450
01-28 09:12:49.217   399  9619 I resolv  : doQuery: rcode=0, ancount=3, return value=87
01-28 09:12:49.223  6754  8168 D TrafficStats: tagSocket(220) with statsTag=0xffffffff, statsUid=-1
01-28 09:12:49.227   425   943 I audio_hw_hal_primary: [audiohal_get_latency:1045] io 69: out:0xe94c39d0 frames:1280 rate:48000 whole_latency:26 alsa_latency:26
01-28 09:12:49.237   425   943 I audio_hw_hal_primary: [audiohal_get_latency:1045] io 69: out:0xe94c39d0 frames:1280 rate:48000 whole_latency:26 alsa_latency:26
01-28 09:12:49.244   425   943 I audio_hw_hal_primary: [audiohal_get_latency:1045] io 69: out:0xe94c39d0 frames:1152 rate:48000 whole_latency:24 alsa_latency:24
01-28 09:12:49.255   425   943 I audio_hw_hal_primary: [audiohal_get_latency:1045] io 69: out:0xe94c39d0 frames:1152 rate:48000 whole_latency:24 alsa_latency:24
01-28 09:12:49.264   425   943 I audio_hw_hal_primary: [audiohal_get_latency:1045] io 69: out:0xe94c39d0 frames:1024 rate:48000 whole_latency:21 alsa_latency:21
01-28 09:12:49.275   425   943 I audio_hw_hal_primary: [audiohal_get_latency:1045] io 69: out:0xe94c39d0 frames:1280 rate:48000 whole_latency:26 alsa_latency:26
01-28 09:12:49.284   425   943 I audio_hw_hal_primary: [audiohal_get_latency:1045] io 69: out:0xe94c39d0 frames:1024 rate:48000 whole_latency:21 alsa_latency:21
01-28 09:12:49.295   425   943 I audio_hw_hal_primary: [audiohal_get_latency:1045] io 69: out:0xe94c39d0 frames:1024 rate:48000 whole_latency:21 alsa_latency:21
01-28 09:12:49.304   425   943 I audio_hw_hal_primary: [audiohal_get_latency:1045] io 69: out:0xe94c39d0 frames:1152 rate:48000 whole_latency:24 alsa_latency:24
01-28 09:12:49.315   425   943 I audio_hw_hal_primary: [audiohal_get_latency:1045] io 69: out:0xe94c39d0 frames:1152 rate:48000 whole_latency:24 alsa_latency:24
01-28 09:12:49.324   425   943 I audio_hw_hal_primary: [audiohal_get_latency:1045] io 69: out:0xe94c39d0 frames:1152 rate:48000 whole_latency:24 alsa_latency:24
01-28 09:12:49.331  6754  9449 W MpdParser: Ignoring <ContentProtection> with schemeIdUri="urn:mpeg:dash:mp4protection:2011" (ClearKey) due to missing required default_KID attribute.
01-28 09:12:49.333  6754  9449 W MpdParser: Ignoring <ContentProtection> with schemeIdUri="urn:mpeg:dash:mp4protection:2011" (ClearKey) due to missing required default_KID attribute.
01-28 09:12:49.335  6754  9449 W MpdParser: Ignoring <ContentProtection> with schemeIdUri="urn:mpeg:dash:mp4protection:2011" (ClearKey) due to missing required default_KID attribute.
01-28 09:12:49.336   425   943 I audio_hw_hal_primary: [audiohal_get_latency:1045] io 69: out:0xe94c39d0 frames:1152 rate:48000 whole_latency:24 alsa_latency:24
01-28 09:12:49.336   469   689 D audioserver: FGS Logger Transaction failed
01-28 09:12:49.336   469   689 D audioserver: -129
01-28 09:12:49.341  6754  9449 W MpdParser: Ignoring <ContentProtection> with schemeIdUri="urn:mpeg:dash:mp4protection:2011" (ClearKey) due to missing required default_KID attribute.
01-28 09:12:49.343  6754  9449 W MpdParser: Ignoring <ContentProtection> with schemeIdUri="urn:mpeg:dash:mp4protection:2011" (ClearKey) due to missing required default_KID attribute.
01-28 09:12:49.345   469   619 W AudioFlinger: moveEffectChain_l() effect chain for session 0 not on source thread 0xebb78dd0
01-28 09:12:49.345  6754  9449 W MpdParser: Ignoring <ContentProtection> with schemeIdUri="urn:mpeg:dash:mp4protection:2011" (ClearKey) due to missing required default_KID attribute.
01-28 09:12:49.392  2199  2199 D SdtDmsServer: receive deviceName:R3AC DT Consumer Control
01-28 09:12:49.392  2199  2199 D SdtDmsServer: receive keycode:20
01-28 09:12:49.392  2199  2199 D SdtDmsServer: start bind tata service
01-28 09:12:49.392  2199  2199 E SdtDmsServer: bindService tata service return directly
01-28 09:12:49.392  2199  2199 D SdtDmsServer: add keycode to queue. keycode:{"rcuname":"R3AC DT","key":20}
01-28 09:12:49.395  1868  3416 I NearbyDiscovery: FastPairScanner: isScreenOn=true, isLocationEnabled=true, disableLocationRequirement=true, isDiscoveryScanningEnabled=true, during24GhzWifiWarmingUpPeriod=false [CONTEXT service_id=265 ]
01-28 09:12:49.396  1868  3416 D BluetoothAdapter: isLeEnabled(): ON
01-28 09:12:49.396  1868  3416 I NearbyDiscovery: FastPairScanner: eventType=INTERNAL_RECOVER_SCAN, intReq=true, scanning=true, scanAllowed=true, bleEnabled=true, lockScanRate=true, startScanningByLowPowerMode=false [CONTEXT service_id=265 ]
01-28 09:12:49.396  1868  3416 I NearbyDiscovery: FastPairScanner: recover with default scan event, eventType=INTERNAL_DOWNGRADE_SCAN [CONTEXT service_id=265 ]
01-28 09:12:49.396  1868  3416 I NearbyDiscovery: FastPairScanner: Convert to recover eventType=INTERNAL_DOWNGRADE_SCAN [CONTEXT service_id=265 ]
01-28 09:12:49.397  1868  3416 I NearbyDiscovery: FastPairScanner: Already in LOW_POWER_SCANNING scanning [CONTEXT service_id=265 ]
01-28 09:12:49.628  2199  2199 D SdtDmsServer: receive deviceName:R3AC DT Consumer Control
01-28 09:12:49.628  2199  2199 D SdtDmsServer: receive keycode:20
01-28 09:12:49.629  2199  2199 D SdtDmsServer: start bind tata service
01-28 09:12:49.629  2199  2199 E SdtDmsServer: bindService tata service return directly
01-28 09:12:49.629  2199  2199 D SdtDmsServer: add keycode to queue. keycode:{"rcuname":"R3AC DT","key":20}
01-28 09:12:49.681   617  9617 W adbd    : timed out while waiting for FUNCTIONFS_BIND, trying again
01-28 09:12:49.681   617  9617 I adbd    : UsbFfs: connection terminated: monitor thread finished
01-28 09:12:49.681   617   617 I adbd    : UsbFfs: already offline
01-28 09:12:49.681   617   617 I adbd    : destroying transport UsbFfs
01-28 09:12:49.681   617   617 I adbd    : UsbFfsConnection being destroyed
01-28 09:12:49.711   425   532 I audio_hw_hal_alsamgr: alsa format =0x1 delay frames =1024 total frames=66944000
01-28 09:12:49.711   617   627 I adbd    : opening control endpoint /dev/usb-ffs/adb/ep0
01-28 09:12:49.712   617   627 I adbd    : UsbFfsConnection constructed
01-28 09:12:49.713   617  9620 I adbd    : UsbFfs-monitor thread spawned
01-28 09:12:49.731     0     0 I         : [1 T627   ..] read descriptors
01-28 09:12:49.731     0     0 I         : [1 T627   ..] read strings
01-28 09:12:49.731     0     0 W [1 T1894  ..] udc-core: couldn't find an available UDC or it's busy
01-28 09:12:49.731     0     0 W [1 T1894  ..] udc-core: couldn't find an available UDC or it's busy
01-28 09:12:49.732     0     0 W [1 T1894  ..] udc-core: couldn't find an available UDC or it's busy
01-28 09:12:49.732     0     0 W [1 T1894  ..] udc-core: couldn't find an available UDC or it's busy
01-28 09:12:49.822  2406  2406 D NowPlayingListener: updateNowPlayingNotification with controller: NowPlayingMediaController {packageName = de.telekom.magentatv.androidtv, state = 3, metadata = Sendepause, FUSSBALL.TV 1, null}
01-28 09:12:49.822  2406  2406 D NowPlayingListener: updateMetadata() called with: metadata description = [Sendepause, FUSSBALL.TV 1, null] and now playing listener: doq@6233b5e
01-28 09:12:49.822  1650  1650 V AudioMediaPlayerWrapper: onPlaybackStateChanged(): de.telekom.magentatv.androidtv : PlaybackState {state=PLAYING(3), position=1769562745830, buffered position=0, speed=1.0, updated=1404073, actions=383, custom actions=[], active item id=-1, error=null}
01-28 09:12:49.822  2498  2498 D BasicMediaStatusFactory: Supported media session actions: 383
01-28 09:12:49.824  1650  1650 V AudioMediaPlayerWrapper: trySendMediaUpdate(): Metadata has been updated for de.telekom.magentatv.androidtv
01-28 09:12:49.824  1650  1650 I MediaPlayerList: sendMediaUpdate: Creating a one item queue for a player with no queue
01-28 09:12:49.824  1650  1650 D MediaPlayerList: sendMediaUpdate state=PlaybackState {state=PLAYING(3), position=1769562745834, buffered position=0, speed=1.0, updated=1404077, actions=383, custom actions=[], active item id=-1, error=null}
01-28 09:12:49.825  1650  1650 D MediaControlGattService: updatePlayerState: playbackState= PLAYING
01-28 09:12:49.825  1650  1650 W MediaControlGattService: Feature PLAYBACK_SPEED(BIT 8) support: true
01-28 09:12:49.825  1650  1650 W MediaControlGattService: Feature PLAYBACK_SPEED(BIT 8) support: true
01-28 09:12:49.825  1650  1650 W MediaControlGattService: Feature PLAYBACK_SPEED(BIT 8) support: true
01-28 09:12:49.825  1650  1650 W MediaControlGattService: Feature TRACK_POSITION(BIT 7) support: true
01-28 09:12:49.825  1650  1650 W MediaControlGattService: Feature TRACK_POSITION_NOTIFY support: true
01-28 09:12:49.825  1650  1650 W MediaControlGattService: Feature MEDIA_STATE(BIT 17) support: true
01-28 09:12:49.825  1650  1650 W MediaControlGattService: Feature MEDIA_STATE(BIT 17) support: true
01-28 09:12:49.826  1650  1650 D BtGatt.GattService: getDeviceType() - device=XX:XX:XX:XX:7A:04, type=2
01-28 09:12:49.826  1650  1650 W MediaControlGattService: Feature PLAYER_NAME(BIT 1) support: true
01-28 09:12:49.827  1650  1650 W MediaControlGattService: Feature PLAYER_NAME(BIT 1) support: true
01-28 09:12:49.827  1650  1650 W MediaControlGattService: Feature MEDIA_CONTROL_POINT_OPCODES_SUPPORTED(BIT 19) support: true
01-28 09:12:49.827  1650  1650 W MediaControlGattService: Feature MEDIA_STATE(BIT 17) support: true
01-28 09:12:49.827  1650  1650 W MediaControlGattService: Feature MEDIA_STATE(BIT 17) support: true
01-28 09:12:49.827  1650  1650 W MediaControlGattService: Feature SEEKING_SPEED(BIT 9) support: true
01-28 09:12:49.827  1650  1650 W MediaControlGattService: Feature SEEKING_SPEED(BIT 9) support: true
01-28 09:12:49.827  1650  1650 W MediaControlGattService: Feature SEEKING_SPEED(BIT 9) support: true
01-28 09:12:49.827  1650  1650 V AudioMediaPlayerWrapper: onPlaybackStateChanged(): de.telekom.magentatv.androidtv : PlaybackState {state=PLAYING(3), position=1769562745830, buffered position=0, speed=1.0, updated=1404073, actions=383, custom actions=[], active item id=-1, error=null}
01-28 09:12:49.828  1650  1650 V AudioMediaPlayerWrapper: trySendMediaUpdate(): Metadata has been updated for de.telekom.magentatv.androidtv
01-28 09:12:49.828  1650  1650 I MediaPlayerList: sendMediaUpdate: Creating a one item queue for a player with no queue
01-28 09:12:49.828  1650  1650 D MediaPlayerList: sendMediaUpdate state=PlaybackState {state=PLAYING(3), position=1769562745838, buffered position=0, speed=1.0, updated=1404081, actions=383, custom actions=[], active item id=-1, error=null}
01-28 09:12:49.828  1650  1650 D AvrcpTargetJni: sendMediaUpdateNative
01-28 09:12:49.828  1650  1650 I bt_stack: [INFO:avrcp_service.cc(515)] virtual void bluetooth::avrcp::AvrcpService::SendMediaUpdate(bool, bool, bool) track_changed=0 :  play_state=1 :  queue=0
01-28 09:12:49.836  2406  2406 D NowPlayingManager: onMediaDataUpdated() called with: NowPlayingData [don@53611a1, title=Sendepause, artist=FUSSBALL.TV 1]
01-28 09:12:49.844  2406  2406 D NowPlayingManager: onMediaDataUpdated: A notification for Now Playing Card has been posted with NowPlayingData [title=Sendepause, artist=FUSSBALL.TV 1]
01-28 09:12:49.844  2406  2406 D NowPlayingListener: updatePlayback() called with: state = [PlaybackState {state=PLAYING(3), position=1769562745830, buffered position=0, speed=1.0, updated=1404073, actions=383, custom actions=[], active item id=-1, error=null}] and now playing listener: doq@6233b5e
01-28 09:12:49.844  2406  2406 D NowPlayingManager: onClientPlaybackStateUpdate() called with: state = [3], stateChangeTimeMs = [1404073], currentPosMs = [1769562745830]
01-28 09:12:49.844  2406  2406 D NowPlayingManager: onClientPlaybackStateUpdate: Skipped update, state: 3 was unchanged
01-28 09:12:49.844  2406  2406 D NowPlayingListener: updateMetadata() called with: metadata description = [Sendepause, FUSSBALL.TV 1, null] and now playing listener: doq@6233b5e
01-28 09:12:49.860  2406  2406 D NowPlayingManager: onMediaDataUpdated() called with: NowPlayingData [don@7862b87, title=Sendepause, artist=FUSSBALL.TV 1]
01-28 09:12:49.869  2406  2406 D NowPlayingManager: onMediaDataUpdated: A notification for Now Playing Card has been posted with NowPlayingData [title=Sendepause, artist=FUSSBALL.TV 1]
01-28 09:12:49.912   427  1925 D rtk_heartbeat: heartbeat_timed_out: heartbeatCmdCount = 1325, expected nextSeqNum = 1325
01-28 09:12:49.913   427  1777 D rtk_heartbeat: rtkbt_heartbeat_cmpl_cback: Current SeqNum = 1325,should SeqNum=1325, status = 0
01-28 09:12:50.049  1479  1479 D TvNotificationHandler: Notification added
01-28 09:12:50.072  1479  1479 D TvNotificationHandler: Notification added
01-28 09:12:50.083   752   752 V HotPlugDetectionAction: Poll all devices.
01-28 09:12:50.144   441   441 D hdmicecd: [CEC]:printCecMessage, [4 -> 0] len: 0, body:, result:success
01-28 09:12:50.174   425   943 I audio_hw_hal_stream: aml_stream_out_info_print: out:0xe94c39d0, stream_type:pcm, sync_mode:non tunnel, input_size:62449920 bytes
01-28 09:12:50.174   425   943 I audio_hw_hal_stream: aml_stream_out_info_print: last_time:1404412 ms (sec:1404, nsec:412210959), last_position:325129 ms (15606192), cur_time:1404423 ms (sec:1404, nsec:423241876), cur_position:325139 ms (15606704)
01-28 09:12:50.174   425   943 I audio_hw_hal_stream: aml_stream_out_info_print: time_gap:11 ms (thr:100 ms), position_gap:10 ms, delay:120 ms, jitter: Position gap is behind system time gap by 1 ms (thr:100 ms)
01-28 09:12:50.270  2081  2160 D RcuSetupService: de.telekom.rcusetup is not top activity.
01-28 09:12:50.292  6754  6764 I ntatv.androidtv: Background concurrent copying GC freed 585683(21MB) AllocSpace objects, 35(2184KB) LOS objects, 29% free, 57MB/81MB, paused 151us,80us total 955.490ms
01-28 09:12:50.704   441   441 D hdmicecd: [CEC]:printCecMessage, [4 -> 1] len: 0, body:, result:no ack
01-28 09:12:50.714   617  9620 W adbd    : timed out while waiting for FUNCTIONFS_BIND, trying again
01-28 09:12:50.714   617  9620 I adbd    : UsbFfs: connection terminated: monitor thread finished
01-28 09:12:50.714   617   617 I adbd    : UsbFfs: already offline
01-28 09:12:50.715   617   617 I adbd    : destroying transport UsbFfs
01-28 09:12:50.715   617   617 I adbd    : UsbFfsConnection being destroyed
01-28 09:12:50.751   617   627 I adbd    : opening control endpoint /dev/usb-ffs/adb/ep0
01-28 09:12:50.753   617   627 I adbd    : UsbFfsConnection constructed
01-28 09:12:50.771     0     0 I         : [0 T627   ..] read descriptors
01-28 09:12:50.771     0     0 I         : [0 T627   ..] read strings
01-28 09:12:50.771     0     0 W [2 T1894  ..] udc-core: couldn't find an available UDC or it's busy
01-28 09:12:50.771     0     0 W [2 T1894  ..] udc-core: couldn't find an available UDC or it's busy
01-28 09:12:50.772     0     0 W [0 T1894  ..] udc-core: couldn't find an available UDC or it's busy
01-28 09:12:50.772     0     0 W [0 T1894  ..] udc-core: couldn't find an available UDC or it's busy
01-28 09:12:50.754   617  9623 I adbd    : UsbFfs-monitor thread spawned
01-28 09:12:50.822  2406  2406 D NowPlayingListener: updateNowPlayingNotification with controller: NowPlayingMediaController {packageName = de.telekom.magentatv.androidtv, state = 3, metadata = Sendepause, FUSSBALL.TV 1, null}
01-28 09:12:50.822  2406  2406 D NowPlayingListener: updateMetadata() called with: metadata description = [Sendepause, FUSSBALL.TV 1, null] and now playing listener: doq@6233b5e
01-28 09:12:50.822  1650  1650 V AudioMediaPlayerWrapper: onPlaybackStateChanged(): de.telekom.magentatv.androidtv : PlaybackState {state=PLAYING(3), position=1769562745830, buffered position=0, speed=1.0, updated=1405073, actions=383, custom actions=[], active item id=-1, error=null}
01-28 09:12:50.823  1650  1650 W AudioMediaPlayerWrapper: onPlaybackStateChanged(): de.telekom.magentatv.androidtv tried to update with no new data
01-28 09:12:50.823  2498  2498 D BasicMediaStatusFactory: Supported media session actions: 383
01-28 09:12:50.823  1650  1650 V AudioMediaPlayerWrapper: onPlaybackStateChanged(): de.telekom.magentatv.androidtv : PlaybackState {state=PLAYING(3), position=1769562745830, buffered position=0, speed=1.0, updated=1405073, actions=383, custom actions=[], active item id=-1, error=null}
01-28 09:12:50.824  1650  1650 W AudioMediaPlayerWrapper: onPlaybackStateChanged(): de.telekom.magentatv.androidtv tried to update with no new data
01-28 09:12:50.848  2406  2406 D NowPlayingManager: onMediaDataUpdated() called with: NowPlayingData [don@98126dd, title=Sendepause, artist=FUSSBALL.TV 1]
01-28 09:12:50.862  2406  2406 D NowPlayingManager: onMediaDataUpdated: A notification for Now Playing Card has been posted with NowPlayingData [title=Sendepause, artist=FUSSBALL.TV 1]
01-28 09:12:50.862  2406  2406 D NowPlayingListener: updatePlayback() called with: state = [PlaybackState {state=PLAYING(3), position=1769562745830, buffered position=0, speed=1.0, updated=1405073, actions=383, custom actions=[], active item id=-1, error=null}] and now playing listener: doq@6233b5e
01-28 09:12:50.862  2406  2406 D NowPlayingManager: onClientPlaybackStateUpdate() called with: state = [3], stateChangeTimeMs = [1405073], currentPosMs = [1769562745830]
01-28 09:12:50.862  2406  2406 D NowPlayingManager: onClientPlaybackStateUpdate: Skipped update, state: 3 was unchanged
01-28 09:12:50.862  2406  2406 D NowPlayingListener: updateMetadata() called with: metadata description = [Sendepause, FUSSBALL.TV 1, null] and now playing listener: doq@6233b5e
01-28 09:12:50.884  2406  2406 D NowPlayingManager: onMediaDataUpdated() called with: NowPlayingData [don@d0ff923, title=Sendepause, artist=FUSSBALL.TV 1]
01-28 09:12:50.895  2406  2406 D NowPlayingManager: onMediaDataUpdated: A notification for Now Playing Card has been posted with NowPlayingData [title=Sendepause, artist=FUSSBALL.TV 1]
01-28 09:12:50.912   427  1925 D rtk_heartbeat: heartbeat_timed_out: heartbeatCmdCount = 1326, expected nextSeqNum = 1326
01-28 09:12:50.913   427  1777 D rtk_heartbeat: rtkbt_heartbeat_cmpl_cback: Current SeqNum = 1326,should SeqNum=1326, status = 0
01-28 09:12:51.051  6754  9449 W MpdParser: Ignoring <ContentProtection> with schemeIdUri="urn:mpeg:dash:mp4protection:2011" (ClearKey) due to missing required default_KID attribute.
01-28 09:12:51.052  6754  9449 W MpdParser: Ignoring <ContentProtection> with schemeIdUri="urn:mpeg:dash:mp4protection:2011" (ClearKey) due to missing required default_KID attribute.
01-28 09:12:51.053  2081  3195 D RcuSetupService: de.telekom.rcusetup is not top activity.
01-28 09:12:51.054  6754  9449 W MpdParser: Ignoring <ContentProtection> with schemeIdUri="urn:mpeg:dash:mp4protection:2011" (ClearKey) due to missing required default_KID attribute.
01-28 09:12:51.056  6754  9449 W MpdParser: Ignoring <ContentProtection> with schemeIdUri="urn:mpeg:dash:mp4protection:2011" (ClearKey) due to missing required default_KID attribute.
01-28 09:12:51.059  6754  9449 W MpdParser: Ignoring <ContentProtection> with schemeIdUri="urn:mpeg:dash:mp4protection:2011" (ClearKey) due to missing required default_KID attribute.
01-28 09:12:51.062  6754  9449 W MpdParser: Ignoring <ContentProtection> with schemeIdUri="urn:mpeg:dash:mp4protection:2011" (ClearKey) due to missing required default_KID attribute.
01-28 09:12:51.069  1479  1479 D TvNotificationHandler: Notification added
01-28 09:12:51.101  1479  1479 D TvNotificationHandler: Notification added
01-28 09:12:51.159  2199  2199 D SdtDmsServer: receive deviceName:R3AC DT Consumer Control
01-28 09:12:51.159  2199  2199 D SdtDmsServer: receive keycode:19
01-28 09:12:51.159  2199  2199 D SdtDmsServer: start bind tata service
01-28 09:12:51.159  2199  2199 E SdtDmsServer: bindService tata service return directly
01-28 09:12:51.159  2199  2199 D SdtDmsServer: add keycode to queue. keycode:{"rcuname":"R3AC DT","key":19}
01-28 09:12:51.260   441   441 D hdmicecd: [CEC]:printCecMessage, [4 -> 3] len: 0, body:, result:no ack
01-28 09:12:51.326  2498  2498 I cast_shell: [0128/091251.326060:INFO:service_base.h(78)] Size of the map for type AuthTokenResponse is 0
01-28 09:12:51.333   437  9482 I VDA     : [0##35]"ServiceDeviceTask INs=1067/1075, OUTs=1064/1068"" {IN=7/16, OUT=9/13[kAtAccelerator(0) kAtDevice(4) kAtClient(9)]}"
01-28 09:12:51.427  2498  2498 I cast_shell: [0128/091251.427022:INFO:service_base.h(246)] Container sizes for type CloudSetting are (session_info_map: 0), (topic_info_map: 21), (pending_events: 0).
01-28 09:12:51.681   469   515 W AudioFlinger: moveEffectChain_l() effect chain for session 0 not on source thread 0xee375dd0
01-28 09:12:51.684   469   515 D audioserver: FGS Logger Transaction failed
01-28 09:12:51.685   469   515 D audioserver: -129
01-28 09:12:51.688   425   882 I audio_hw_hal_primary: out_update_source_metadata_v7() line 1752 usage:1 content_type:3
01-28 09:12:51.691  6754  8219 D AudioTrack: getTimestamp_l(60): device stall time corrected using current time 1405944086710
01-28 09:12:51.699  6754  9186 D BufferPoolAccessor2.0: bufferpool2 0xbad1cfa8 : 4(32768 size) total buffers - 4(32768 size) used buffers - 0/4 (recycle/alloc) - 25/2244 (fetch/transfer)
01-28 09:12:51.700   591  9187 D BufferPoolAccessor2.0: bufferpool2 0xf3201d68 : 5(20480 size) total buffers - 1(4096 size) used buffers - 2224/2234 (recycle/alloc) - 27/2233 (fetch/transfer)
01-28 09:12:51.714  6754  8219 W AudioTrack: getTimestamp_l(60): retrograde timestamp time corrected, 1405954457335 < 1405954898376
01-28 09:12:51.719   399  9624 I resolv  : GetAddrInfoHandler::run: {100 100 100 983140 10041 0}
01-28 09:12:51.720   399  9625 I resolv  : res_nmkquery: (QUERY, IN, A)
01-28 09:12:51.720   399  9625 I resolv  : resolv_cache_lookup: FOUND IN CACHE entry=0xe92c1450
01-28 09:12:51.720   399  9625 I resolv  : doQuery: rcode=0, ancount=3, return value=87
01-28 09:12:51.721  6754  8168 D TrafficStats: tagSocket(196) with statsTag=0xffffffff, statsUid=-1
01-28 09:12:51.755   617  9623 W adbd    : timed out while waiting for FUNCTIONFS_BIND, trying again
01-28 09:12:51.755   617  9623 I adbd    : UsbFfs: connection terminated: monitor thread finished
01-28 09:12:51.755   617   617 I adbd    : UsbFfs: already offline
01-28 09:12:51.755   617   617 I adbd    : destroying transport UsbFfs
01-28 09:12:51.755   617   617 I adbd    : UsbFfsConnection being destroyed
01-28 09:12:51.799   617   627 I adbd    : opening control endpoint /dev/usb-ffs/adb/ep0
01-28 09:12:51.801   617   627 I adbd    : UsbFfsConnection constructed
01-28 09:12:51.802   617  9626 I adbd    : UsbFfs-monitor thread spawned
01-28 09:12:51.819     0     0 I         : [3 T627   ..] read descriptors
01-28 09:12:51.819     0     0 I         : [3 T627   ..] read strings
01-28 09:12:51.819     0     0 W [0 T1894  ..] udc-core: couldn't find an available UDC or it's busy
01-28 09:12:51.820     0     0 W [0 T1894  ..] udc-core: couldn't find an available UDC or it's busy
01-28 09:12:51.820     0     0 W [0 T1894  ..] udc-core: couldn't find an available UDC or it's busy
01-28 09:12:51.821     0     0 W [0 T1894  ..] udc-core: couldn't find an available UDC or it's busy
01-28 09:12:51.821     0     0 W [0 T1894  ..] udc-core: couldn't find an available UDC or it's busy
01-28 09:12:51.804  6754  9467 W CCodecBufferChannel: no present fence for frame 11455
01-28 09:12:51.816   441   441 D hdmicecd: [CEC]:printCecMessage, [4 -> 5] len: 0, body:, result:no ack
01-28 09:12:51.822  2406  2406 D NowPlayingListener: updateNowPlayingNotification with controller: NowPlayingMediaController {packageName = de.telekom.magentatv.androidtv, state = 3, metadata = Sendepause, FUSSBALL.TV 1, null}
01-28 09:12:51.823  2498  2498 D BasicMediaStatusFactory: Supported media session actions: 383
01-28 09:12:51.824  2406  2406 D NowPlayingListener: updateMetadata() called with: metadata description = [Sendepause, FUSSBALL.TV 1, null] and now playing listener: doq@6233b5e
01-28 09:12:51.825  6754  9467 W CCodecBufferChannel: no present fence for frame 11457
01-28 09:12:51.825  1650  1650 V AudioMediaPlayerWrapper: onPlaybackStateChanged(): de.telekom.magentatv.androidtv : PlaybackState {state=PLAYING(3), position=1769562746097, buffered position=0, speed=1.0, updated=1406073, actions=383, custom actions=[], active item id=-1, error=null}
01-28 09:12:51.825  1650  1650 W AudioMediaPlayerWrapper: onPlaybackStateChanged(): de.telekom.magentatv.androidtv tried to update with no new data
01-28 09:12:51.826  1650  1650 V AudioMediaPlayerWrapper: onPlaybackStateChanged(): de.telekom.magentatv.androidtv : PlaybackState {state=PLAYING(3), position=1769562746097, buffered position=0, speed=1.0, updated=1406073, actions=383, custom actions=[], active item id=-1, error=null}
01-28 09:12:51.826  1650  1650 W AudioMediaPlayerWrapper: onPlaybackStateChanged(): de.telekom.magentatv.androidtv tried to update with no new data
01-28 09:12:51.843  2406  2406 D NowPlayingManager: onMediaDataUpdated() called with: NowPlayingData [don@96e53d9, title=Sendepause, artist=FUSSBALL.TV 1]
01-28 09:12:51.854  2406  2406 D NowPlayingManager: onMediaDataUpdated: A notification for Now Playing Card has been posted with NowPlayingData [title=Sendepause, artist=FUSSBALL.TV 1]
01-28 09:12:51.854  2406  2406 D NowPlayingListener: updatePlayback() called with: state = [PlaybackState {state=PLAYING(3), position=1769562746097, buffered position=0, speed=1.0, updated=1406073, actions=383, custom actions=[], active item id=-1, error=null}] and now playing listener: doq@6233b5e
01-28 09:12:51.854  2406  2406 D NowPlayingManager: onClientPlaybackStateUpdate() called with: state = [3], stateChangeTimeMs = [1406073], currentPosMs = [1769562746097]
01-28 09:12:51.854  2406  2406 D NowPlayingManager: onClientPlaybackStateUpdate: Skipped update, state: 3 was unchanged
01-28 09:12:51.854  2406  2406 D NowPlayingListener: updateMetadata() called with: metadata description = [Sendepause, FUSSBALL.TV 1, null] and now playing listener: doq@6233b5e
01-28 09:12:51.860   437  9469 I DebugUtil: [0##35]in/out status {INS/OUTS=1087(2)/1074(0)}, pipeline status {IN=7/8, OUT=9/13[Component(0) Accelerator(4) Client(9)]}
01-28 09:12:51.875  2406  2406 D NowPlayingManager: onMediaDataUpdated() called with: NowPlayingData [don@1df047f, title=Sendepause, artist=FUSSBALL.TV 1]
01-28 09:12:51.887  2406  2406 D NowPlayingManager: onMediaDataUpdated: A notification for Now Playing Card has been posted with NowPlayingData [title=Sendepause, artist=FUSSBALL.TV 1]
01-28 09:12:51.912   427  1925 D rtk_heartbeat: heartbeat_timed_out: heartbeatCmdCount = 1327, expected nextSeqNum = 1327
01-28 09:12:51.913   427  1777 D rtk_heartbeat: rtkbt_heartbeat_cmpl_cback: Current SeqNum = 1327,should SeqNum=1327, status = 0
01-28 09:12:52.061  1479  1479 D TvNotificationHandler: Notification added
01-28 09:12:52.094  1479  1479 D TvNotificationHandler: Notification added
01-28 09:12:52.103  2498  2498 I cast_shell: [0128/091252.103305:INFO:metrics_stat_logger.cc(38)] Metrics stat for the past 60 secs : total=5
01-28 09:12:52.103  2498  2498 I cast_shell: [metrics_stat_logger] Cast.Discovery.Mdns.ResponderPing=1
01-28 09:12:52.103  2498  2498 I cast_shell: [metrics_stat_logger] Cast.Discovery.Mdns.SocketPing=2
01-28 09:12:52.103  2498  2498 I cast_shell: [metrics_stat_logger] Cast.RobotAccountAuth.FetchToken=1
01-28 09:12:52.103  2498  2498 I cast_shell: [metrics_stat_logger] Cast.RobotAccountAuth.Update.NOT_LINKED.NOT_LINKED=1
01-28 09:12:52.103  2498  2498 I cast_shell: [metrics_stat_logger] Cast.System.Time.Heartbeat=1
01-28 09:12:52.361   437  9482 I VDA     : [0##35]"ServiceDeviceTask INs=1101/1108, OUTs=1097/1102"" {IN=7/16, OUT=8/13[kAtAccelerator(0) kAtDevice(5) kAtClient(8)]}"
01-28 09:12:52.372   441   441 D hdmicecd: [CEC]:printCecMessage, [4 -> 8] len: 0, body:, result:no ack
01-28 09:12:52.375  2199  2199 D SdtDmsServer: receive deviceName:R3AC DT Consumer Control
01-28 09:12:52.375  2199  2199 D SdtDmsServer: receive keycode:20
01-28 09:12:52.375  2199  2199 D SdtDmsServer: start bind tata service
01-28 09:12:52.375  2199  2199 E SdtDmsServer: bindService tata service return directly
01-28 09:12:52.375  2199  2199 D SdtDmsServer: add keycode to queue. keycode:{"rcuname":"R3AC DT","key":20}
01-28 09:12:52.803   617  9626 W adbd    : timed out while waiting for FUNCTIONFS_BIND, trying again
01-28 09:12:52.803   617  9626 I adbd    : UsbFfs: connection terminated: monitor thread finished
01-28 09:12:52.803   617   617 I adbd    : UsbFfs: already offline
01-28 09:12:52.804   617   617 I adbd    : destroying transport UsbFfs
01-28 09:12:52.804   617   617 I adbd    : UsbFfsConnection being destroyed
01-28 09:12:52.810  6754  9449 W MpdParser: Ignoring <ContentProtection> with schemeIdUri="urn:mpeg:dash:mp4protection:2011" (ClearKey) due to missing required default_KID attribute.
01-28 09:12:52.812  6754  9449 W MpdParser: Ignoring <ContentProtection> with schemeIdUri="urn:mpeg:dash:mp4protection:2011" (ClearKey) due to missing required default_KID attribute.
01-28 09:12:52.813  6754  9449 W MpdParser: Ignoring <ContentProtection> with schemeIdUri="urn:mpeg:dash:mp4protection:2011" (ClearKey) due to missing required default_KID attribute.
01-28 09:12:52.815  6754  9449 W MpdParser: Ignoring <ContentProtection> with schemeIdUri="urn:mpeg:dash:mp4protection:2011" (ClearKey) due to missing required default_KID attribute.
01-28 09:12:52.818  6754  9449 W MpdParser: Ignoring <ContentProtection> with schemeIdUri="urn:mpeg:dash:mp4protection:2011" (ClearKey) due to missing required default_KID attribute.
01-28 09:12:52.821  6754  9449 W MpdParser: Ignoring <ContentProtection> with schemeIdUri="urn:mpeg:dash:mp4protection:2011" (ClearKey) due to missing required default_KID attribute.
01-28 09:12:52.831   617   627 I adbd    : opening control endpoint /dev/usb-ffs/adb/ep0
01-28 09:12:52.832   617   627 I adbd    : UsbFfsConnection constructed
01-28 09:12:52.833   617  9627 I adbd    : UsbFfs-monitor thread spawned
01-28 09:12:52.850     0     0 I         : [0 T627   ..] read descriptors
01-28 09:12:52.851     0     0 I         : [0 T627   ..] read strings
01-28 09:12:52.852     0     0 W [3 T1894  ..] udc-core: couldn't find an available UDC or it's busy
01-28 09:12:52.852     0     0 W [3 T1894  ..] udc-core: couldn't find an available UDC or it's busy
01-28 09:12:52.852     0     0 W [3 T1894  ..] udc-core: couldn't find an available UDC or it's busy
01-28 09:12:52.852     0     0 W [3 T1894  ..] udc-core: couldn't find an available UDC or it's busy
01-28 09:12:52.912   427  1925 D rtk_heartbeat: heartbeat_timed_out: heartbeatCmdCount = 1328, expected nextSeqNum = 1328
01-28 09:12:52.913   427  1777 D rtk_heartbeat: rtkbt_heartbeat_cmpl_cback: Current SeqNum = 1328,should SeqNum=1328, status = 0
01-28 09:12:52.928   441   441 D hdmicecd: [CEC]:printCecMessage, [4 -> b] len: 0, body:, result:no ack
01-28 09:12:53.274  2081  2160 D RcuSetupService: de.telekom.rcusetup is not top activity.
01-28 09:12:53.363   437  9482 I VDA     : [0##35]"ServiceDeviceTask INs=1148/1154, OUTs=1144/1148"" {IN=6/16, OUT=9/13[kAtAccelerator(0) kAtDevice(4) kAtClient(9)]}"
01-28 09:12:53.485   441   441 D hdmicecd: [CEC]:printCecMessage, [4 -> e] len: 0, body:, result:no ack
01-28 09:12:53.487   752   752 D HdmiCecController: [P]:AllocatedAddress=[0]
01-28 09:12:53.488   752   752 V HotPlugDetectionAction: Finish poll all devices.
01-28 09:12:53.500  2199  2199 D SdtDmsServer: receive deviceName:R3AC DT Consumer Control
01-28 09:12:53.500  2199  2199 D SdtDmsServer: receive keycode:23
01-28 09:12:53.500  2199  2199 D SdtDmsServer: start bind tata service
01-28 09:12:53.500  2199  2199 E SdtDmsServer: bindService tata service return directly
01-28 09:12:53.500  2199  2199 D SdtDmsServer: add keycode to queue. keycode:{"rcuname":"R3AC DT","key":23}
01-28 09:12:53.543  6754  8243 D CCodecBuffers: [c2.android.aac.decoder#606:EncryptedInput.Impl[N]] codec released a buffer owned by client (index 1)
01-28 09:12:53.589  6754  6754 W ViewRootImpl: Not reporting timeline because gpuCompletedTime is 67.810529ms ahead of presentTime. FRAME_TIMELINE_VSYNC_ID=61846, INPUT_EVENT_ID=477704282
01-28 09:12:53.605  5978  5992 E PENDING : Have 1 pending requests.
01-28 09:12:53.605  5978  5992 E PENDING : ======================================
01-28 09:12:53.605  5978  5992 E QUEUE   : Have 1 requests in queue
01-28 09:12:53.605  5978  5992 W pt.multiverso.tech4home: Requests pt.multiverso.t4hblelibrary.requests.T4HDeviceBatteryRequest@7f52996
01-28 09:12:53.605  5978  5992 D pt.multiverso.tech4home: Will execute a pt.multiverso.t4hblelibrary.requests.T4HDeviceBatteryRequest
01-28 09:12:53.623  6754  6754 W ViewRootImpl: Not reporting timeline because gpuCompletedTime is 207.88118899999998ms ahead of presentTime. FRAME_TIMELINE_VSYNC_ID=61919, INPUT_EVENT_ID=56964139
01-28 09:12:53.633  5978  5992 D pt.multiverso.tech4home: Data received on 00002a19-0000-1000-8000-00805f9b34fb: 0x4a 
01-28 09:12:53.633  5978  5992 I pt.multiverso.tech4home: Battery: 74
01-28 09:12:53.633  1666  8811 D t4h_rcupair: [DEBUG] | [ 01-28 01:12:53.633 : 66: R3T4HPairService.java:1453 ] - onBatteryResponse getBattery=74
01-28 09:12:53.634  5978  5992 E PENDING : Have 0 pending requests.
01-28 09:12:53.634  5978  5992 E PENDING : ======================================
01-28 09:12:53.634  5978  5992 D pt.multiverso.tech4home: Executed a pt.multiverso.t4hblelibrary.requests.T4HDeviceBatteryRequest
01-28 09:12:53.635  5978  5992 E PENDING : Have 0 pending requests.
01-28 09:12:53.635  5978  5992 E PENDING : ======================================
01-28 09:12:53.635  5978  5992 E QUEUE   : Have 0 requests in queue
01-28 09:12:53.645  6754  6754 W ViewRootImpl: Not reporting timeline because gpuCompletedTime is 1509.960989ms ahead of presentTime. FRAME_TIMELINE_VSYNC_ID=62016, INPUT_EVENT_ID=505908929
01-28 09:12:53.645  1666  1666 D t4h_rcupair: [DEBUG] | [ 01-28 01:12:53.644 : 2: R3T4HPairService.java:809 ] - handleMessage compare_version isGetBattery：:true
01-28 09:12:53.646  1666  1666 D t4h_rcupair: [DEBUG] | [ 01-28 01:12:53.645 : 2: R3T4HPairService.java:979 ] - readRemoteBinVersion
01-28 09:12:53.646  1666  1666 D t4h_rcupair: [DEBUG] | [ 01-28 01:12:53.646 : 2: R3T4HPairService.java:985 ] - remote_upgrade_type is null. currentRCUDeviceName:R3AC DT
01-28 09:12:53.648  1666  1666 D t4h_rcupair: [DEBUG] | [ 01-28 01:12:53.647 : 2: R3T4HPairService.java:994 ] - RCU FW fileName is:BleRemoteUpgrade/R3/remote_03200505.bin, firmware length is:143472
01-28 09:12:53.650  1666  1666 D t4h_rcupair: [DEBUG] | [ 01-28 01:12:53.650 : 2: R3T4HPairService.java:1023 ] - new FW version is 0320.05.05
01-28 09:12:53.652  1666  1666 D t4h_rcupair: [DEBUG] | [ 01-28 01:12:53.651 : 2: R3T4HPairService.java:816 ] - new RCU version:0320.05.05, current RCU version:0320.05.05, rcuBattery = 74
01-28 09:12:53.812  6754  9467 D BufferPoolAccessor2.0: bufferpool2 0xbad392c8 : 8(16777216 size) total buffers - 8(16777216 size) used buffers - 0/8 (recycle/alloc) - 8/1172 (fetch/transfer)
01-28 09:12:53.834   617  9627 W adbd    : timed out while waiting for FUNCTIONFS_BIND, trying again
01-28 09:12:53.834   617  9627 I adbd    : UsbFfs: connection terminated: monitor thread finished
01-28 09:12:53.835   617   617 I adbd    : UsbFfs: already offline
01-28 09:12:53.835   617   617 I adbd    : destroying transport UsbFfs
01-28 09:12:53.835   617   617 I adbd    : UsbFfsConnection being destroyed
01-28 09:12:53.871   617   627 I adbd    : opening control endpoint /dev/usb-ffs/adb/ep0
01-28 09:12:53.872   617   627 I adbd    : UsbFfsConnection constructed
01-28 09:12:53.873   617  9629 I adbd    : UsbFfs-monitor thread spawned
01-28 09:12:53.890     0     0 I         : [0 T627   ..] read descriptors
01-28 09:12:53.891     0     0 I         : [0 T627   ..] read strings
01-28 09:12:53.891     0     0 W [3 T1894  ..] udc-core: couldn't find an available UDC or it's busy
01-28 09:12:53.892     0     0 W [1 T1894  ..] udc-core: couldn't find an available UDC or it's busy
01-28 09:12:53.892     0     0 W [1 T1894  ..] udc-core: couldn't find an available UDC or it's busy
01-28 09:12:53.912   427  1925 D rtk_heartbeat: heartbeat_timed_out: heartbeatCmdCount = 1329, expected nextSeqNum = 1329
01-28 09:12:53.913   427  1777 D rtk_heartbeat: rtkbt_heartbeat_cmpl_cback: Current SeqNum = 1329,should SeqNum=1329, status = 0
01-28 09:12:54.034   399   418 I netd    : tetherGetStats() -> {[]} <1.16ms>
01-28 09:12:54.048   399   418 I netd    : bandwidthSetGlobalAlert(2097152) <0.43ms>
01-28 09:12:54.060  2081  3195 D RcuSetupService: de.telekom.rcusetup is not top activity.
01-28 09:12:54.084  6754  9186 D CCodecBuffers: [c2.android.aac.decoder#606:1D-Output.Impl[N]] Client returned a buffer it does not own according to our record: 0
01-28 09:12:54.084  6754  8219 D MediaCodec: keep callback message for reclaim
01-28 09:12:54.084   425   882 I audio_hw_hal_primary: out_update_source_metadata_v7() line 1752 usage:1 content_type:3
01-28 09:12:54.085  6754  9186 I CCodecConfig: query failed after returning 20 values (BAD_INDEX)
01-28 09:12:54.085  6754  9186 W Codec2Client: query -- param skipped: index = 1342179345.
01-28 09:12:54.085  6754  9186 W Codec2Client: query -- param skipped: index = 2415921170.
01-28 09:12:54.085  6754  9186 W Codec2Client: query -- param skipped: index = 1610614798.
01-28 09:12:54.087  6754  8219 D MediaCodec: keep callback message for reclaim
01-28 09:12:54.087  6754  9186 I CCodecConfig: query failed after returning 20 values (BAD_INDEX)
01-28 09:12:54.087  6754  9186 W Codec2Client: query -- param skipped: index = 1342179345.
01-28 09:12:54.088  6754  9186 W Codec2Client: query -- param skipped: index = 2415921170.
01-28 09:12:54.088  6754  9186 W Codec2Client: query -- param skipped: index = 1610614798.
01-28 09:12:54.104   425   943 I audio_hw_hal_primary: [audiohal_get_latency:1045] io 69: out:0xe94c39d0 frames:1152 rate:48000 whole_latency:24 alsa_latency:24
01-28 09:12:54.110   399  9633 I resolv  : GetAddrInfoHandler::run: {100 100 100 983140 10041 0}
01-28 09:12:54.111   399  9634 I resolv  : res_nmkquery: (QUERY, IN, A)
01-28 09:12:54.111   399  9634 I resolv  : resolv_cache_lookup: FOUND IN CACHE entry=0xe92c1450
01-28 09:12:54.111   399  9634 I resolv  : doQuery: rcode=0, ancount=3, return value=87
01-28 09:12:54.112  6754  6790 D TrafficStats: tagSocket(211) with statsTag=0xffffffff, statsUid=-1
01-28 09:12:54.114   425   943 I audio_hw_hal_primary: [audiohal_get_latency:1045] io 69: out:0xe94c39d0 frames:1152 rate:48000 whole_latency:24 alsa_latency:24
01-28 09:12:54.124   425   943 I audio_hw_hal_primary: [audiohal_get_latency:1045] io 69: out:0xe94c39d0 frames:1152 rate:48000 whole_latency:24 alsa_latency:24
01-28 09:12:54.134   425   943 I audio_hw_hal_primary: [audiohal_get_latency:1045] io 69: out:0xe94c39d0 frames:1152 rate:48000 whole_latency:24 alsa_latency:24
01-28 09:12:54.144   425   943 I audio_hw_hal_primary: [audiohal_get_latency:1045] io 69: out:0xe94c39d0 frames:1280 rate:48000 whole_latency:26 alsa_latency:26
01-28 09:12:54.154   425   943 I audio_hw_hal_primary: [audiohal_get_latency:1045] io 69: out:0xe94c39d0 frames:1280 rate:48000 whole_latency:26 alsa_latency:26
01-28 09:12:54.164   425   943 I audio_hw_hal_primary: [audiohal_get_latency:1045] io 69: out:0xe94c39d0 frames:1024 rate:48000 whole_latency:21 alsa_latency:21
01-28 09:12:54.174   425   943 I audio_hw_hal_primary: [audiohal_get_latency:1045] io 69: out:0xe94c39d0 frames:1024 rate:48000 whole_latency:21 alsa_latency:21
01-28 09:12:54.184   425   943 I audio_hw_hal_primary: [audiohal_get_latency:1045] io 69: out:0xe94c39d0 frames:1152 rate:48000 whole_latency:24 alsa_latency:24
01-28 09:12:54.195   425   943 I audio_hw_hal_primary: [audiohal_get_latency:1045] io 69: out:0xe94c39d0 frames:1152 rate:48000 whole_latency:24 alsa_latency:24
01-28 09:12:54.204   425   943 I audio_hw_hal_primary: [audiohal_get_latency:1045] io 69: out:0xe94c39d0 frames:1152 rate:48000 whole_latency:24 alsa_latency:24
01-28 09:12:54.214   425   943 I audio_hw_hal_primary: [audiohal_get_latency:1045] io 69: out:0xe94c39d0 frames:1152 rate:48000 whole_latency:24 alsa_latency:24
01-28 09:12:54.224   425   943 I audio_hw_hal_primary: [audiohal_get_latency:1045] io 69: out:0xe94c39d0 frames:1280 rate:48000 whole_latency:26 alsa_latency:26
01-28 09:12:54.234   425   943 I audio_hw_hal_primary: [audiohal_get_latency:1045] io 69: out:0xe94c39d0 frames:1024 rate:48000 whole_latency:21 alsa_latency:21
01-28 09:12:54.246   425   943 I audio_hw_hal_primary: [audiohal_get_latency:1045] io 69: out:0xe94c39d0 frames:1280 rate:48000 whole_latency:26 alsa_latency:26
01-28 09:12:54.246   469   689 D audioserver: FGS Logger Transaction failed
01-28 09:12:54.246   469   689 D audioserver: -129
01-28 09:12:54.254   469   619 W AudioFlinger: moveEffectChain_l() effect chain for session 0 not on source thread 0xebb78dd0
01-28 09:12:54.259   469   689 D audioserver: FGS Logger Transaction failed
01-28 09:12:54.259   469   689 D audioserver: -129
01-28 09:12:54.569  6754  8974 D TrafficStats: tagSocket(273) with statsTag=0xffffffff, statsUid=-1
01-28 09:12:54.796  6754  9449 W MpdParser: Ignoring <ContentProtection> with schemeIdUri="urn:mpeg:dash:mp4protection:2011" (ClearKey) due to missing required default_KID attribute.
01-28 09:12:54.797   425   882 I audio_hw_hal_primary: [audiohal_get_latency:1045] io 69: out:0xe94c39d0 frames:1152 rate:48000 whole_latency:24 alsa_latency:24
01-28 09:12:54.797   469  2740 D AudioFlinger: Client defaulted notificationFrames to 6000 for frameCount 12000
01-28 09:12:54.798  6754  9449 W MpdParser: Ignoring <ContentProtection> with schemeIdUri="urn:mpeg:dash:mp4protection:2011" (ClearKey) due to missing required default_KID attribute.
01-28 09:12:54.799   469  2740 D AF::TrackHandle: OpPlayAudio: track:82 usage:1 not muted
01-28 09:12:54.799  6754  9449 W MpdParser: Ignoring <ContentProtection> with schemeIdUri="urn:mpeg:dash:mp4protection:2011" (ClearKey) due to missing required default_KID attribute.
01-28 09:12:54.800   425   882 I audio_hw_hal_primary: [audiohal_get_latency:1045] io 69: out:0xe94c39d0 frames:1280 rate:48000 whole_latency:26 alsa_latency:26
01-28 09:12:54.801  6754  9449 W MpdParser: Ignoring <ContentProtection> with schemeIdUri="urn:mpeg:dash:mp4protection:2011" (ClearKey) due to missing required default_KID attribute.
01-28 09:12:54.803  6754  9449 W MpdParser: Ignoring <ContentProtection> with schemeIdUri="urn:mpeg:dash:mp4protection:2011" (ClearKey) due to missing required default_KID attribute.
01-28 09:12:54.804   425  4313 I audio_hw_hal_primary: [audiohal_get_latency:1045] io 13: out:0xe94c5ad0 frames:1024 rate:48000 whole_latency:21 alsa_latency:21
01-28 09:12:54.805   425   943 I audio_hw_hal_primary: [audiohal_get_latency:1045] io 69: out:0xe94c39d0 frames:1024 rate:48000 whole_latency:21 alsa_latency:21
01-28 09:12:54.806  6754  9449 W MpdParser: Ignoring <ContentProtection> with schemeIdUri="urn:mpeg:dash:mp4protection:2011" (ClearKey) due to missing required default_KID attribute.
01-28 09:12:54.875   617  9629 W adbd    : timed out while waiting for FUNCTIONFS_BIND, trying again
01-28 09:12:54.875   617  9629 I adbd    : UsbFfs: connection terminated: monitor thread finished
01-28 09:12:54.875   617   617 I adbd    : UsbFfs: already offline
01-28 09:12:54.875   617   617 I adbd    : destroying transport UsbFfs
01-28 09:12:54.875   617   617 I adbd    : UsbFfsConnection being destroyed
01-28 09:12:54.913   427  1925 D rtk_heartbeat: heartbeat_timed_out: heartbeatCmdCount = 1330, expected nextSeqNum = 1330
01-28 09:12:54.914   427  1777 D rtk_heartbeat: rtkbt_heartbeat_cmpl_cback: Current SeqNum = 1330,should SeqNum=1330, status = 0
01-28 09:12:54.919   617   627 I adbd    : opening control endpoint /dev/usb-ffs/adb/ep0
01-28 09:12:54.920   617   627 I adbd    : UsbFfsConnection constructed
01-28 09:12:54.921   617  9636 I adbd    : UsbFfs-monitor thread spawned
01-28 09:12:54.938     0     0 I         : [2 T627   ..] read descriptors
01-28 09:12:54.939     0     0 I         : [2 T627   ..] read strings
01-28 09:12:54.939     0     0 W [3 T1894  ..] udc-core: couldn't find an available UDC or it's busy
01-28 09:12:54.939     0     0 W [3 T1894  ..] udc-core: couldn't find an available UDC or it's busy
01-28 09:12:54.939     0     0 W [3 T1894  ..] udc-core: couldn't find an available UDC or it's busy
01-28 09:12:55.045   425   532 I audio_hw_hal_alsamgr: alsa format =0x1 delay frames =1024 total frames=67200000
01-28 09:12:55.174   425   943 I audio_hw_hal_stream: aml_stream_out_info_print: out:0xe94c39d0, stream_type:pcm, sync_mode:non tunnel, input_size:63409920 bytes
01-28 09:12:55.174   425   943 I audio_hw_hal_stream: aml_stream_out_info_print: last_time:1409416 ms (sec:1409, nsec:416186920), last_position:330131 ms (15846320), cur_time:1409425 ms (sec:1409, nsec:425618295), cur_position:330142 ms (15846832)
01-28 09:12:55.174   425   943 I audio_hw_hal_stream: aml_stream_out_info_print: time_gap:9 ms (thr:100 ms), position_gap:10 ms, delay:117 ms, jitter: Position gap is ahead of system time gap by 1 ms (thr:100 ms)
01-28 09:12:55.321  2406  2406 D NowPlayingListener: updateNowPlayingNotification with controller: NowPlayingMediaController {packageName = de.telekom.magentatv.androidtv, state = 3, metadata = Sendepause, FUSSBALL.TV 1, null}
01-28 09:12:55.321  2406  2406 D NowPlayingListener: updateMetadata() called with: metadata description = [Sendepause, FUSSBALL.TV 1, null] and now playing listener: doq@6233b5e
01-28 09:12:55.322  1650  1650 V AudioMediaPlayerWrapper: onPlaybackStateChanged(): de.telekom.magentatv.androidtv : PlaybackState {state=PLAYING(3), position=1769562748260, buffered position=0, speed=1.0, updated=1409573, actions=383, custom actions=[], active item id=-1, error=null}
01-28 09:12:55.322  2498  2498 D BasicMediaStatusFactory: Supported media session actions: 383
01-28 09:12:55.323  1650  1650 V AudioMediaPlayerWrapper: trySendMediaUpdate(): Metadata has been updated for de.telekom.magentatv.androidtv
01-28 09:12:55.323  1650  1650 I MediaPlayerList: sendMediaUpdate: Creating a one item queue for a player with no queue
01-28 09:12:55.323  1650  1650 D MediaPlayerList: sendMediaUpdate state=PlaybackState {state=PLAYING(3), position=1769562748263, buffered position=0, speed=1.0, updated=1409576, actions=383, custom actions=[], active item id=-1, error=null}
01-28 09:12:55.324  1650  1650 D MediaControlGattService: updatePlayerState: playbackState= PLAYING
01-28 09:12:55.324  1650  1650 W MediaControlGattService: Feature PLAYBACK_SPEED(BIT 8) support: true
01-28 09:12:55.324  1650  1650 W MediaControlGattService: Feature PLAYBACK_SPEED(BIT 8) support: true
01-28 09:12:55.324  1650  1650 W MediaControlGattService: Feature PLAYBACK_SPEED(BIT 8) support: true
01-28 09:12:55.324  1650  1650 W MediaControlGattService: Feature TRACK_POSITION(BIT 7) support: true
01-28 09:12:55.324  1650  1650 W MediaControlGattService: Feature TRACK_POSITION_NOTIFY support: true
01-28 09:12:55.324  1650  1650 W MediaControlGattService: Feature MEDIA_STATE(BIT 17) support: true
01-28 09:12:55.324  1650  1650 W MediaControlGattService: Feature MEDIA_STATE(BIT 17) support: true
01-28 09:12:55.326  1650  1650 D BtGatt.GattService: getDeviceType() - device=XX:XX:XX:XX:7A:04, type=2
01-28 09:12:55.326  1650  1650 W MediaControlGattService: Feature PLAYER_NAME(BIT 1) support: true
01-28 09:12:55.326  1650  1650 W MediaControlGattService: Feature PLAYER_NAME(BIT 1) support: true
01-28 09:12:55.326  1650  1650 W MediaControlGattService: Feature MEDIA_CONTROL_POINT_OPCODES_SUPPORTED(BIT 19) support: true
01-28 09:12:55.326  1650  1650 W MediaControlGattService: Feature MEDIA_STATE(BIT 17) support: true
01-28 09:12:55.327  1650  1650 W MediaControlGattService: Feature MEDIA_STATE(BIT 17) support: true
01-28 09:12:55.327  1650  1650 W MediaControlGattService: Feature SEEKING_SPEED(BIT 9) support: true
01-28 09:12:55.327  1650  1650 W MediaControlGattService: Feature SEEKING_SPEED(BIT 9) support: true
01-28 09:12:55.327  1650  1650 W MediaControlGattService: Feature SEEKING_SPEED(BIT 9) support: true
01-28 09:12:55.329  1650  1650 V AudioMediaPlayerWrapper: onPlaybackStateChanged(): de.telekom.magentatv.androidtv : PlaybackState {state=PLAYING(3), position=1769562748260, buffered position=0, speed=1.0, updated=1409573, actions=383, custom actions=[], active item id=-1, error=null}
01-28 09:12:55.330  1650  1650 V AudioMediaPlayerWrapper: trySendMediaUpdate(): Metadata has been updated for de.telekom.magentatv.androidtv
01-28 09:12:55.331  1650  1650 I MediaPlayerList: sendMediaUpdate: Creating a one item queue for a player with no queue
01-28 09:12:55.331  1650  1650 D MediaPlayerList: sendMediaUpdate state=PlaybackState {state=PLAYING(3), position=1769562748270, buffered position=0, speed=1.0, updated=1409583, actions=383, custom actions=[], active item id=-1, error=null}
01-28 09:12:55.331  1650  1650 D AvrcpTargetJni: sendMediaUpdateNative
01-28 09:12:55.331  1650  1650 I bt_stack: [INFO:avrcp_service.cc(515)] virtual void bluetooth::avrcp::AvrcpService::SendMediaUpdate(bool, bool, bool) track_changed=0 :  play_state=1 :  queue=0
01-28 09:12:55.343  2406  2406 D NowPlayingManager: onMediaDataUpdated() called with: NowPlayingData [don@7675495, title=Sendepause, artist=FUSSBALL.TV 1]
01-28 09:12:55.355  2406  2406 D NowPlayingManager: onMediaDataUpdated: A notification for Now Playing Card has been posted with NowPlayingData [title=Sendepause, artist=FUSSBALL.TV 1]
01-28 09:12:55.355  2406  2406 D NowPlayingListener: updatePlayback() called with: state = [PlaybackState {state=PLAYING(3), position=1769562748260, buffered position=0, speed=1.0, updated=1409573, actions=383, custom actions=[], active item id=-1, error=null}] and now playing listener: doq@6233b5e
01-28 09:12:55.355  2406  2406 D NowPlayingManager: onClientPlaybackStateUpdate() called with: state = [3], stateChangeTimeMs = [1409573], currentPosMs = [1769562748260]
01-28 09:12:55.355  2406  2406 D NowPlayingManager: onClientPlaybackStateUpdate: Skipped update, state: 3 was unchanged
01-28 09:12:55.355  2406  2406 D NowPlayingListener: updateMetadata() called with: metadata description = [Sendepause, FUSSBALL.TV 1, null] and now playing listener: doq@6233b5e
01-28 09:12:55.377  2406  2406 D NowPlayingManager: onMediaDataUpdated() called with: NowPlayingData [don@669699b, title=Sendepause, artist=FUSSBALL.TV 1]
01-28 09:12:55.387  2406  2406 D NowPlayingManager: onMediaDataUpdated: A notification for Now Playing Card has been posted with NowPlayingData [title=Sendepause, artist=FUSSBALL.TV 1]
01-28 09:12:55.563  1479  1479 D TvNotificationHandler: Notification added
01-28 09:12:55.595  1479  1479 D TvNotificationHandler: Notification added
01-28 09:12:55.913   427  1925 D rtk_heartbeat: heartbeat_timed_out: heartbeatCmdCount = 1331, expected nextSeqNum = 1331
01-28 09:12:55.914   427  1777 D rtk_heartbeat: rtkbt_heartbeat_cmpl_cback: Current SeqNum = 1331,should SeqNum=1331, status = 0
01-28 09:12:55.922   617  9636 W adbd    : timed out while waiting for FUNCTIONFS_BIND, trying again
01-28 09:12:55.922   617  9636 I adbd    : UsbFfs: connection terminated: monitor thread finished
01-28 09:12:55.922   617   617 I adbd    : UsbFfs: already offline
01-28 09:12:55.922   617   617 I adbd    : destroying transport UsbFfs
01-28 09:12:55.922   617   617 I adbd    : UsbFfsConnection being destroyed
01-28 09:12:55.963   617   627 I adbd    : opening control endpoint /dev/usb-ffs/adb/ep0
01-28 09:12:55.964   617   627 I adbd    : UsbFfsConnection constructed
01-28 09:12:55.983     0     0 I         : [2 T627   ..] read descriptors
01-28 09:12:55.983     0     0 I         : [2 T627   ..] read strings
01-28 09:12:55.984     0     0 W [3 T1894  ..] udc-core: couldn't find an available UDC or it's busy
01-28 09:12:55.984     0     0 W [3 T1894  ..] udc-core: couldn't find an available UDC or it's busy
01-28 09:12:55.965   617  9637 I adbd    : UsbFfs-monitor thread spawned
01-28 09:12:55.984     0     0 W [3 T1894  ..] udc-core: couldn't find an available UDC or it's busy
01-28 09:12:55.984     0     0 W [3 T1894  ..] udc-core: couldn't find an available UDC or it's busy
01-28 09:12:56.163   437  9482 I VDA     : [0##35]"ServiceDeviceTask INs=1187/1195, OUTs=1183/1188"" {IN=8/16, OUT=8/13[kAtAccelerator(0) kAtDevice(5) kAtClient(8)]}"
01-28 09:12:56.280  2081  2160 D RcuSetupService: de.telekom.rcusetup is not top activity.
01-28 09:12:56.321  2406  2406 D NowPlayingListener: updateNowPlayingNotification with controller: NowPlayingMediaController {packageName = de.telekom.magentatv.androidtv, state = 3, metadata = Sendepause, FUSSBALL.TV 1, null}
01-28 09:12:56.321  2406  2406 D NowPlayingListener: updateMetadata() called with: metadata description = [Sendepause, FUSSBALL.TV 1, null] and now playing listener: doq@6233b5e
01-28 09:12:56.322  1650  1650 V AudioMediaPlayerWrapper: onPlaybackStateChanged(): de.telekom.magentatv.androidtv : PlaybackState {state=PLAYING(3), position=1769562748260, buffered position=0, speed=1.0, updated=1410573, actions=383, custom actions=[], active item id=-1, error=null}
01-28 09:12:56.322  1650  1650 W AudioMediaPlayerWrapper: onPlaybackStateChanged(): de.telekom.magentatv.androidtv tried to update with no new data
01-28 09:12:56.322  2498  2498 D BasicMediaStatusFactory: Supported media session actions: 383
01-28 09:12:56.323  1650  1650 V AudioMediaPlayerWrapper: onPlaybackStateChanged(): de.telekom.magentatv.androidtv : PlaybackState {state=PLAYING(3), position=1769562748260, buffered position=0, speed=1.0, updated=1410573, actions=383, custom actions=[], active item id=-1, error=null}
01-28 09:12:56.323  1650  1650 W AudioMediaPlayerWrapper: onPlaybackStateChanged(): de.telekom.magentatv.androidtv tried to update with no new data
01-28 09:12:56.344  2406  2406 D NowPlayingManager: onMediaDataUpdated() called with: NowPlayingData [don@8b5a511, title=Sendepause, artist=FUSSBALL.TV 1]
01-28 09:12:56.357  2406  2406 D NowPlayingManager: onMediaDataUpdated: A notification for Now Playing Card has been posted with NowPlayingData [title=Sendepause, artist=FUSSBALL.TV 1]
01-28 09:12:56.357  2406  2406 D NowPlayingListener: updatePlayback() called with: state = [PlaybackState {state=PLAYING(3), position=1769562748260, buffered position=0, speed=1.0, updated=1410573, actions=383, custom actions=[], active item id=-1, error=null}] and now playing listener: doq@6233b5e
01-28 09:12:56.357  2406  2406 D NowPlayingManager: onClientPlaybackStateUpdate() called with: state = [3], stateChangeTimeMs = [1410573], currentPosMs = [1769562748260]
01-28 09:12:56.357  2406  2406 D NowPlayingManager: onClientPlaybackStateUpdate: Skipped update, state: 3 was unchanged
01-28 09:12:56.357  2406  2406 D NowPlayingListener: updateMetadata() called with: metadata description = [Sendepause, FUSSBALL.TV 1, null] and now playing listener: doq@6233b5e
01-28 09:12:56.380  2406  2406 D NowPlayingManager: onMediaDataUpdated() called with: NowPlayingData [don@26b0477, title=Sendepause, artist=FUSSBALL.TV 1]
01-28 09:12:56.391  2406  2406 D NowPlayingManager: onMediaDataUpdated: A notification for Now Playing Card has been posted with NowPlayingData [title=Sendepause, artist=FUSSBALL.TV 1]
01-28 09:12:56.547   469  2740 W AudioFlinger: moveEffectChain_l() effect chain for session 0 not on source thread 0xee375dd0
01-28 09:12:56.551   469  2740 D audioserver: FGS Logger Transaction failed
01-28 09:12:56.551   469  2740 D audioserver: -129
01-28 09:12:56.552   425   882 I audio_hw_hal_primary: out_update_source_metadata_v7() line 1752 usage:1 content_type:3
01-28 09:12:56.555  6754  8219 D AudioTrack: getTimestamp_l(61): device stall time corrected using current time 1410808267920
01-28 09:12:56.564  1479  1479 D TvNotificationHandler: Notification added
01-28 09:12:56.584   399  9638 I resolv  : GetAddrInfoHandler::run: {100 100 100 983140 10041 0}
01-28 09:12:56.585   399  9639 I resolv  : res_nmkquery: (QUERY, IN, A)
01-28 09:12:56.585   399  9639 I resolv  : resolv_cache_lookup: FOUND IN CACHE entry=0xe92c1450
01-28 09:12:56.585   399  9639 I resolv  : doQuery: rcode=0, ancount=3, return value=87
01-28 09:12:56.586  6754  8974 D TrafficStats: tagSocket(232) with statsTag=0xffffffff, statsUid=-1
01-28 09:12:56.597  1479  1479 D TvNotificationHandler: Notification added
01-28 09:12:56.656  1666  1666 D t4h_rcupair: [DEBUG] | [ 01-28 01:12:56.656 : 2: R3T4HPairService.java:906 ] - handleMessage message_dismiss_notification
01-28 09:12:56.860   437  9469 I DebugUtil: [0##35]in/out status {INS/OUTS=1206(2)/1192(0)}, pipeline status {IN=8/8, OUT=7/13[Component(0) Accelerator(6) Client(7)]}
01-28 09:12:56.913   427  1925 D rtk_heartbeat: heartbeat_timed_out: heartbeatCmdCount = 1332, expected nextSeqNum = 1332
01-28 09:12:56.914   427  1777 D rtk_heartbeat: rtkbt_heartbeat_cmpl_cback: Current SeqNum = 1332,should SeqNum=1332, status = 0
01-28 09:12:56.966   617  9637 W adbd    : timed out while waiting for FUNCTIONFS_BIND, trying again
01-28 09:12:56.967   617  9637 I adbd    : UsbFfs: connection terminated: monitor thread finished
01-28 09:12:56.967   617   617 I adbd    : UsbFfs: already offline
01-28 09:12:56.967   617   617 I adbd    : destroying transport UsbFfs
01-28 09:12:56.967   617   617 I adbd    : UsbFfsConnection being destroyed
01-28 09:12:56.991   617   627 I adbd    : opening control endpoint /dev/usb-ffs/adb/ep0
01-28 09:12:56.992   617   627 I adbd    : UsbFfsConnection constructed
01-28 09:12:56.993   617  9640 I adbd    : UsbFfs-monitor thread spawned
01-28 09:12:57.011     0     0 I         : [1 T627   ..] read descriptors
01-28 09:12:57.011     0     0 I         : [1 T627   ..] read strings
01-28 09:12:57.011     0     0 W [3 T1894  ..] udc-core: couldn't find an available UDC or it's busy
01-28 09:12:57.011     0     0 W [3 T1894  ..] udc-core: couldn't find an available UDC or it's busy
01-28 09:12:57.012     0     0 W [0 T1894  ..] udc-core: couldn't find an available UDC or it's busy
01-28 09:12:57.012     0     0 W [0 T1894  ..] udc-core: couldn't find an available UDC or it's busy
01-28 09:12:57.066  2081  3195 D RcuSetupService: de.telekom.rcusetup is not top activity.
01-28 09:12:57.163   437  9482 I VDA     : [0##35]"ServiceDeviceTask INs=1212/1218, OUTs=1208/1212"" {IN=6/16, OUT=9/13[kAtAccelerator(0) kAtDevice(4) kAtClient(9)]}"
01-28 09:12:57.181  6754  9186 D BufferPoolAccessor2.0: bufferpool2 0xbad1cfa8 : 4(32768 size) total buffers - 4(32768 size) used buffers - 0/4 (recycle/alloc) - 31/2405 (fetch/transfer)
01-28 09:12:57.183  6754  9449 W MpdParser: Ignoring <ContentProtection> with schemeIdUri="urn:mpeg:dash:mp4protection:2011" (ClearKey) due to missing required default_KID attribute.
01-28 09:12:57.183   591  9187 D BufferPoolAccessor2.0: bufferpool2 0xf3201d68 : 5(20480 size) total buffers - 1(4096 size) used buffers - 2383/2393 (recycle/alloc) - 28/2392 (fetch/transfer)
01-28 09:12:57.186  6754  9449 W MpdParser: Ignoring <ContentProtection> with schemeIdUri="urn:mpeg:dash:mp4protection:2011" (ClearKey) due to missing required default_KID attribute.
01-28 09:12:57.189  6754  9449 W MpdParser: Ignoring <ContentProtection> with schemeIdUri="urn:mpeg:dash:mp4protection:2011" (ClearKey) due to missing required default_KID attribute.
01-28 09:12:57.192  6754  9449 W MpdParser: Ignoring <ContentProtection> with schemeIdUri="urn:mpeg:dash:mp4protection:2011" (ClearKey) due to missing required default_KID attribute.
01-28 09:12:57.195  6754  9449 W MpdParser: Ignoring <ContentProtection> with schemeIdUri="urn:mpeg:dash:mp4protection:2011" (ClearKey) due to missing required default_KID attribute.
01-28 09:12:57.198  6754  9449 W MpdParser: Ignoring <ContentProtection> with schemeIdUri="urn:mpeg:dash:mp4protection:2011" (ClearKey) due to missing required default_KID attribute.
01-28 09:12:57.913   427  1925 D rtk_heartbeat: heartbeat_timed_out: heartbeatCmdCount = 1333, expected nextSeqNum = 1333
01-28 09:12:57.914   427  1777 D rtk_heartbeat: rtkbt_heartbeat_cmpl_cback: Current SeqNum = 1333,should SeqNum=1333, status = 0
01-28 09:12:57.994   617  9640 W adbd    : timed out while waiting for FUNCTIONFS_BIND, trying again
01-28 09:12:57.995   617  9640 I adbd    : UsbFfs: connection terminated: monitor thread finished
01-28 09:12:57.995   617   617 I adbd    : UsbFfs: already offline
01-28 09:12:57.995   617   617 I adbd    : destroying transport UsbFfs
01-28 09:12:57.995   617   617 I adbd    : UsbFfsConnection being destroyed
01-28 09:12:58.037   617   627 I adbd    : opening control endpoint /dev/usb-ffs/adb/ep0
01-28 09:12:58.057     0     0 I         : [3 T627   ..] read descriptors
01-28 09:12:58.057     0     0 I         : [3 T627   ..] read strings
01-28 09:12:58.058     0     0 W [3 T1894  ..] udc-core: couldn't find an available UDC or it's busy
01-28 09:12:58.059     0     0 W [1 T1894  ..] udc-core: couldn't find an available UDC or it's busy
01-28 09:12:58.040   617   627 I adbd    : UsbFfsConnection constructed
01-28 09:12:58.059     0     0 W [1 T1894  ..] udc-core: couldn't find an available UDC or it's busy
01-28 09:12:58.041   617  9643 I adbd    : UsbFfs-monitor thread spawned
01-28 09:12:58.202   437  9482 I VDA     : [0##35]"ServiceDeviceTask INs=1259/1266, OUTs=1255/1260"" {IN=7/16, OUT=8/13[kAtAccelerator(0) kAtDevice(5) kAtClient(8)]}"
01-28 09:12:58.913   427  1925 D rtk_heartbeat: heartbeat_timed_out: heartbeatCmdCount = 1334, expected nextSeqNum = 1334
01-28 09:12:58.915   427  1777 D rtk_heartbeat: rtkbt_heartbeat_cmpl_cback: Current SeqNum = 1334,should SeqNum=1334, status = 0
01-28 09:12:58.931  6754  9449 W MpdParser: Ignoring <ContentProtection> with schemeIdUri="urn:mpeg:dash:mp4protection:2011" (ClearKey) due to missing required default_KID attribute.
01-28 09:12:58.934  6754  9449 W MpdParser: Ignoring <ContentProtection> with schemeIdUri="urn:mpeg:dash:mp4protection:2011" (ClearKey) due to missing required default_KID attribute.
01-28 09:12:58.936  6754  9449 W MpdParser: Ignoring <ContentProtection> with schemeIdUri="urn:mpeg:dash:mp4protection:2011" (ClearKey) due to missing required default_KID attribute.
01-28 09:12:58.937  6754  9449 W MpdParser: Ignoring <ContentProtection> with schemeIdUri="urn:mpeg:dash:mp4protection:2011" (ClearKey) due to missing required default_KID attribute.
01-28 09:12:58.941  6754  9449 W MpdParser: Ignoring <ContentProtection> with schemeIdUri="urn:mpeg:dash:mp4protection:2011" (ClearKey) due to missing required default_KID attribute.
01-28 09:12:58.944  6754  9449 W MpdParser: Ignoring <ContentProtection> with schemeIdUri="urn:mpeg:dash:mp4protection:2011" (ClearKey) due to missing required default_KID attribute.
01-28 09:12:58.982  6754  8243 D CCodecBuffers: [c2.android.aac.decoder#606:EncryptedInput.Impl[N]] codec released a buffer owned by client (index 0)
01-28 09:12:59.042   617  9643 W adbd    : timed out while waiting for FUNCTIONFS_BIND, trying again
01-28 09:12:59.042   617  9643 I adbd    : UsbFfs: connection terminated: monitor thread finished
01-28 09:12:59.042   617   617 I adbd    : UsbFfs: already offline
01-28 09:12:59.042   617   617 I adbd    : destroying transport UsbFfs
01-28 09:12:59.042   617   617 I adbd    : UsbFfsConnection being destroyed
01-28 09:12:59.091   617   627 I adbd    : opening control endpoint /dev/usb-ffs/adb/ep0
01-28 09:12:59.092   617   627 I adbd    : UsbFfsConnection constructed
01-28 09:12:59.093   617  9644 I adbd    : UsbFfs-monitor thread spawned
01-28 09:12:59.111     0     0 I         : [1 T627   ..] read descriptors
01-28 09:12:59.111     0     0 I         : [1 T627   ..] read strings
01-28 09:12:59.111     0     0 W [2 T1894  ..] udc-core: couldn't find an available UDC or it's busy
01-28 09:12:59.111     0     0 W [2 T1894  ..] udc-core: couldn't find an available UDC or it's busy
01-28 09:12:59.112     0     0 W [2 T1894  ..] udc-core: couldn't find an available UDC or it's busy
01-28 09:12:59.112     0     0 W [2 T1894  ..] udc-core: couldn't find an available UDC or it's busy
01-28 09:12:59.202   437  9482 I VDA     : [0##35]"ServiceDeviceTask INs=1309/1316, OUTs=1305/1310"" {IN=7/16, OUT=8/13[kAtAccelerator(0) kAtDevice(5) kAtClient(8)]}"
01-28 09:12:59.254  6754  9467 D BufferPoolAccessor2.0: bufferpool2 0xbad392c8 : 8(16777216 size) total buffers - 8(16777216 size) used buffers - 0/8 (recycle/alloc) - 8/1320 (fetch/transfer)
01-28 09:12:59.287  2081  2160 D RcuSetupService: de.telekom.rcusetup is not top activity.
01-28 09:12:59.913   427  1925 D rtk_heartbeat: heartbeat_timed_out: heartbeatCmdCount = 1335, expected nextSeqNum = 1335
01-28 09:12:59.915   427  1777 D rtk_heartbeat: rtkbt_heartbeat_cmpl_cback: Current SeqNum = 1335,should SeqNum=1335, status = 0
01-28 09:12:59.972   752  2820 W ProcessStats: Tracking association SourceState{f2c1068 com.tataelxsi.icx/10051 Fgs #6053} whose proc state 3 is better than process ProcessState{5805ce1 com.google.android.gms.persistent/10076 pkg=com.google.android.gms} proc state 4 (23 skipped)
01-28 09:13:00.072  2081  3195 D RcuSetupService: de.telekom.rcusetup is not top activity.
01-28 09:13:00.094   617  9644 W adbd    : timed out while waiting for FUNCTIONFS_BIND, trying again
01-28 09:13:00.095   617  9644 I adbd    : UsbFfs: connection terminated: monitor thread finished
01-28 09:13:00.095   617   617 I adbd    : UsbFfs: already offline
01-28 09:13:00.095   617   617 I adbd    : destroying transport UsbFfs
01-28 09:13:00.095   617   617 I adbd    : UsbFfsConnection being destroyed
01-28 09:13:00.135   617   627 I adbd    : opening control endpoint /dev/usb-ffs/adb/ep0
01-28 09:13:00.136   617   627 I adbd    : UsbFfsConnection constructed
01-28 09:13:00.137   617  9645 I adbd    : UsbFfs-monitor thread spawned
01-28 09:13:00.155     0     0 I         : [2 T627   ..] read descriptors
01-28 09:13:00.155     0     0 I         : [2 T627   ..] read strings
01-28 09:13:00.155     0     0 W [0 T1894  ..] udc-core: couldn't find an available UDC or it's busy
01-28 09:13:00.155     0     0 W [0 T1894  ..] udc-core: couldn't find an available UDC or it's busy
01-28 09:13:00.156     0     0 W [0 T1894  ..] udc-core: couldn't find an available UDC or it's busy
01-28 09:13:00.156     0     0 W [0 T1894  ..] udc-core: couldn't find an available UDC or it's busy
01-28 09:13:00.184   425   943 I audio_hw_hal_stream: aml_stream_out_info_print: out:0xe94c39d0, stream_type:pcm, sync_mode:non tunnel, input_size:64373760 bytes
01-28 09:13:00.184   425   943 I audio_hw_hal_stream: aml_stream_out_info_print: last_time:1414412 ms (sec:1414, nsec:412960297), last_position:335129 ms (16086192), cur_time:1414433 ms (sec:1414, nsec:433960172), cur_position:335150 ms (16087216)
01-28 09:13:00.184   425   943 I audio_hw_hal_stream: aml_stream_out_info_print: time_gap:21 ms (thr:100 ms), position_gap:21 ms, delay:129 ms, jitter: Position gap is ahead of system time gap by 0 ms (thr:100 ms)
01-28 09:13:00.203   437  9482 I VDA     : [0##35]"ServiceDeviceTask INs=1359/1365, OUTs=1355/1360"" {IN=6/16, OUT=8/13[kAtAccelerator(0) kAtDevice(5) kAtClient(8)]}"
01-28 09:13:00.378   425   532 I audio_hw_hal_alsamgr: alsa format =0x1 delay frames =1024 total frames=67456000
01-28 09:13:00.802  3944  3944 D iCXMontAgent: startTimerForTelemetryServerHitting inside onTick: millisUntilFinished: 809974
01-28 09:13:00.801  2199  2199 W binder:2199_3: type=1400 audit(0.0:785): avc:  denied  { read } for  scontext=u:r:system_app:s0 tcontext=u:r:servicemanager:s0 tclass=file permissive=0
01-28 09:13:00.801  2199  2199 W binder:2199_3: type=1400 audit(0.0:786): avc:  denied  { read } for  scontext=u:r:system_app:s0 tcontext=u:r:hwservicemanager:s0 tclass=file permissive=0
01-28 09:13:00.805  2199  2199 W binder:2199_3: type=1400 audit(0.0:787): avc:  denied  { read } for  scontext=u:r:system_app:s0 tcontext=u:r:vndservicemanager:s0 tclass=file permissive=0
01-28 09:13:00.805  2199  2199 W binder:2199_3: type=1400 audit(0.0:788): avc:  denied  { read } for  scontext=u:r:system_app:s0 tcontext=u:r:hal_allocator_default:s0 tclass=file permissive=0
01-28 09:13:00.805  2199  2199 W binder:2199_3: type=1400 audit(0.0:789): avc:  denied  { read } for  scontext=u:r:system_app:s0 tcontext=u:r:hal_gatekeeper_default:s0 tclass=file permissive=0
01-28 09:13:00.805  2199  2199 W binder:2199_3: type=1400 audit(0.0:790): avc:  denied  { read } for  scontext=u:r:system_app:s0 tcontext=u:r:hal_neuralnetworks_adla:s0 tclass=file permissive=0
01-28 09:13:00.805  2199  2199 W binder:2199_3: type=1400 audit(0.0:791): avc:  denied  { read } for  scontext=u:r:system_app:s0 tcontext=u:r:hal_oemlock_default:s0 tclass=file permissive=0
01-28 09:13:00.805  2199  2199 W binder:2199_3: type=1400 audit(0.0:792): avc:  denied  { read } for  scontext=u:r:system_app:s0 tcontext=u:r:hal_tv_hdmi_cec_default:s0 tclass=file permissive=0
01-28 09:13:00.805  2199  2199 W binder:2199_3: type=1400 audit(0.0:793): avc:  denied  { read } for  scontext=u:r:system_app:s0 tcontext=u:r:hal_tv_hdmi_connection_default:s0 tclass=file permissive=0
01-28 09:13:00.808  6754  9449 W MpdParser: Ignoring <ContentProtection> with schemeIdUri="urn:mpeg:dash:mp4protection:2011" (ClearKey) due to missing required default_KID attribute.
01-28 09:13:00.827     0     0 W [1 T3414  ..] audit: audit_lost=317 audit_rate_limit=5 audit_backlog_limit=64
01-28 09:13:00.827     0     0 E [1 T3414  ..] audit: rate limit exceeded
01-28 09:13:00.810  3944  4013 D iCXMontAgent: run: telemetry Data: TelemetryData{id=0, packageName='com.tataelxsi.icx', parameterName='cpustats', parameterValue='35.94142', DataType='value', DurationType='null', TimeStamp='1769562780810', status='Not Processed', uptime=1415063}
01-28 09:13:00.810  6754  9449 W MpdParser: Ignoring <ContentProtection> with schemeIdUri="urn:mpeg:dash:mp4protection:2011" (ClearKey) due to missing required default_KID attribute.
01-28 09:13:00.811  3944  4013 D iCXMontAgent: Client app data inserted successfullyTelemetryData{id=0, packageName='com.tataelxsi.icx', parameterName='cpustats', parameterValue='35.94142', DataType='value', DurationType='null', TimeStamp='1769562780810', status='Not Processed', uptime=1415063}
01-28 09:13:00.813  3944  4013 D iCXMontAgent: run: telemetry Data: TelemetryData{id=0, packageName='com.tataelxsi.icx', parameterName='memorystats', parameterValue='51.32791640037041', DataType='value', DurationType='null', TimeStamp='1769562780813', status='Not Processed', uptime=1415066}
01-28 09:13:00.814  6754  9449 W MpdParser: Ignoring <ContentProtection> with schemeIdUri="urn:mpeg:dash:mp4protection:2011" (ClearKey) due to missing required default_KID attribute.
01-28 09:13:00.814  3944  4013 D iCXMontAgent: Client app data inserted successfullyTelemetryData{id=0, packageName='com.tataelxsi.icx', parameterName='memorystats', parameterValue='51.32791640037041', DataType='value', DurationType='null', TimeStamp='1769562780813', status='Not Processed', uptime=1415066}
01-28 09:13:00.817  6754  9449 W MpdParser: Ignoring <ContentProtection> with schemeIdUri="urn:mpeg:dash:mp4protection:2011" (ClearKey) due to missing required default_KID attribute.
01-28 09:13:00.828  6754  9449 W MpdParser: Ignoring <ContentProtection> with schemeIdUri="urn:mpeg:dash:mp4protection:2011" (ClearKey) due to missing required default_KID attribute.
01-28 09:13:00.833  6754  9449 W MpdParser: Ignoring <ContentProtection> with schemeIdUri="urn:mpeg:dash:mp4protection:2011" (ClearKey) due to missing required default_KID attribute.
01-28 09:13:00.914   427  1925 D rtk_heartbeat: heartbeat_timed_out: heartbeatCmdCount = 1336, expected nextSeqNum = 1336
01-28 09:13:00.915   427  1777 D rtk_heartbeat: rtkbt_heartbeat_cmpl_cback: Current SeqNum = 1336,should SeqNum=1336, status = 0
